<?xml version="1.0" encoding="UTF-8"?>
<metadata xml:lang="en"><Esri><CreaDate>20110801</CreaDate><CreaTime>16081100</CreaTime><ArcGISFormat>1.0</ArcGISFormat><ArcGISstyle>INSPIRE Metadata Directive</ArcGISstyle><SyncOnce>TRUE</SyncOnce><DataProperties><itemProps><itemLocation><linkage Sync="TRUE">file://\\DELL-D630\C$\Dropbox\Dropbox\Python\pythonbook\exercise02\flood</linkage><protocol Sync="TRUE">Local Area Network</protocol></itemLocation></itemProps><copyHistory><copy source="C:\Dropbox\Dropbox\Python\Data_Cleaned\Clay\flood" dest="\\DELL-D630\C$\Dropbox\Dropbox\Python\pythonbook\exercise02\flood" date="20110801" time="16081100"></copy></copyHistory><lineage><Process ToolSource="C:\Program Files\ArcGIS\Desktop10.0\ArcToolbox\Toolboxes\Data Management Tools.tbx\DefineProjection" Date="20110801" Time="161106">DefineProjection flood PROJCS['NAD_1983_HARN_Adj_MN_Clay_Feet',GEOGCS['GCS_North_American_1983_HARN',DATUM['D_North_American_1983_HARN',SPHEROID['GRS_1980',6378137.0,298.257222101]],PRIMEM['Greenwich',0.0],UNIT['Degree',0.0174532925199433]],PROJECTION['Transverse_Mercator'],PARAMETER['False_Easting',500022.6580891667],PARAMETER['False_Northing',100004.5319459167],PARAMETER['Central_Meridian',-96.7],PARAMETER['Scale_Factor',1.000045317862],PARAMETER['Latitude_Of_Origin',46.63],UNIT['Foot_US',0.3048006096012192]]</Process></lineage></DataProperties></Esri></metadata>
