<?xml version="1.0"?>
<!--<!DOCTYPE metadata SYSTEM "http://www.esri.com/metadata/esriprof80.dtd">-->
<metadata xml:lang="en"><Esri><CreaDate>20110801</CreaDate><CreaTime>16082800</CreaTime><SyncOnce>FALSE</SyncOnce><DataProperties><lineage><Process Name="Create Feature Class" ToolSource="C:\Program Files\ArcGIS\ArcToolbox\Toolboxes\Data Management Tools.tbx\CreateFeatureclass" Date="20051007" Time="130049">CreateFeatureclass "Database Connections\Connection to CLAY-GIS-DATA.sde\GIS.DBO.Hydrology" Lakes_Rivers # lakes&amp;rivers_Layer SAME_AS_TEMPLATE SAME_AS_TEMPLATE "PROJCS['Clay County Coordinates (feet)',GEOGCS['GCS_North_American_1983',DATUM['D_North_American_1983',SPHEROID['GRS_1980',6378137.0,298.257222101]],PRIMEM['Greenwich',0.0],UNIT['Degree',0.0174532925199433]],PROJECTION['Transverse_Mercator'],PARAMETER['False_Easting',500022.6580383643],PARAMETER['False_Northing',100004.5319357562],PARAMETER['Central_Meridian',-96.7000000001],PARAMETER['Scale_Factor',1.000045317862],PARAMETER['Latitude_Of_Origin',46.63],UNIT['Foot_US',0.3048006096012192]];-921.289523458484 -354745.039391011 1953.12499818101;0 100000;0 100000" # 0 0 0 "Database Connections\Connection to CLAY-GIS-DATA.sde\GIS.DBO.Hydrology\GIS.DBO.Lakes_Rivers"</Process><Process Name="Append" ToolSource="C:\Program Files\ArcGIS\ArcToolbox\Toolboxes\Data Management Tools.tbx\Append" Date="20051007" Time="130053">Append lakes&amp;rivers_Layer "Database Connections\Connection to CLAY-GIS-DATA.sde\GIS.DBO.Hydrology\GIS.DBO.Lakes_Rivers" TEST "Database Connections\Connection to CLAY-GIS-DATA.sde\GIS.DBO.Hydrology\GIS.DBO.Lakes_Rivers"</Process><Process Name="FeatureClassToFeatureClass_6" ToolSource="C:\Program Files\ArcGIS\ArcToolbox\Toolboxes\Conversion Tools.tbx\FeatureClassToFeatureClass" Date="20051007" Time="130054">FeatureClassToFeatureClass "H:\Clay County\lakes &amp; rivers.shp" "Database Connections\Connection to CLAY-GIS-DATA.sde\GIS.DBO.Hydrology" Lakes_Rivers # "LENGTH LENGTH VISIBLE;NAME NAME VISIBLE" SAME_AS_TEMPLATE SAME_AS_TEMPLATE # 0 "Database Connections\Connection to CLAY-GIS-DATA.sde\GIS.DBO.Hydrology\GIS.DBO.Lakes_Rivers"</Process><Process ToolSource="C:\Program Files\ArcGIS\ArcToolbox\Toolboxes\Data Management Tools.tbx\CopyFeatures" Date="20070613" Time="094220">CopyFeatures "Database Connections\91 connection as Mark.sde\GIS.DBO.Hydrology\GIS.DBO.Lakes_Rivers" "Database Connections\Hydrology connected to SDE92.sde\GIS.HYDROLOGY.Hydrology\GIS.HYDROLOGY.GIS_DBO_Lakes_Rivers" # 0 0 0</Process><Process ToolSource="C:\Program Files\ArcGIS\ArcToolbox\Toolboxes\Data Management Tools.tbx\AddField" Date="20081124" Time="193452">AddField "Database Connections\Hydrology connected to SDE92.sde\GIS.HYDROLOGY.Hydrology\GIS.HYDROLOGY.Lakes_Rivers" Type TEXT # # 50 # NULLABLE NON_REQUIRED # "Database Connections\Hydrology connected to SDE92.sde\GIS.HYDROLOGY.Hydrology\GIS.HYDROLOGY.Lakes_Rivers"</Process><Process ToolSource="C:\Program Files\ArcGIS\ArcToolbox\Toolboxes\Data Management Tools.tbx\AddField" Date="20081124" Time="193539">AddField "Database Connections\Hydrology connected to SDE92.sde\GIS.HYDROLOGY.Hydrology\GIS.HYDROLOGY.Lakes_Rivers" LABEL_CLASS TEXT # # 50 # NULLABLE NON_REQUIRED # "Database Connections\Hydrology connected to SDE92.sde\GIS.HYDROLOGY.Hydrology\GIS.HYDROLOGY.Lakes_Rivers"</Process><Process ToolSource="C:\Program Files\ArcGIS\ArcToolbox\Toolboxes\Data Management Tools.tbx\AddField" Date="20081124" Time="193635">AddField "Database Connections\Hydrology connected to SDE92.sde\GIS.HYDROLOGY.Hydrology\GIS.HYDROLOGY.Lakes_Rivers" EDIT_DATE DOUBLE 10 0 # # NULLABLE NON_REQUIRED # "Database Connections\Hydrology connected to SDE92.sde\GIS.HYDROLOGY.Hydrology\GIS.HYDROLOGY.Lakes_Rivers"</Process><Process ToolSource="C:\Program Files\ArcGIS\ArcToolbox\Toolboxes\Data Management Tools.tbx\AddField" Date="20081124" Time="193711">AddField "Database Connections\Hydrology connected to SDE92.sde\GIS.HYDROLOGY.Hydrology\GIS.HYDROLOGY.Lakes_Rivers" REGION DOUBLE 10 0 # # NULLABLE NON_REQUIRED # "Database Connections\Hydrology connected to SDE92.sde\GIS.HYDROLOGY.Hydrology\GIS.HYDROLOGY.Lakes_Rivers"</Process><Process ToolSource="C:\Program Files\ArcGIS\ArcToolbox\Toolboxes\Data Management Tools.tbx\AddField" Date="20081202" Time="073110">AddField "Database Connections\Hydrology connected to SDE92.sde\GIS.HYDROLOGY.Hydrology\GIS.HYDROLOGY.Lakes_Rivers" SYMBOL_CLASS LONG 40 # # # NULLABLE NON_REQUIRED # "Database Connections\Hydrology connected to SDE92.sde\GIS.HYDROLOGY.Hydrology\GIS.HYDROLOGY.Lakes_Rivers"</Process><Process ToolSource="C:\Program Files\ArcGIS\ArcToolbox\Toolboxes\Data Management Tools.tbx\AddField" Date="20081204" Time="073213">AddField "Database Connections\Hydrology connected to SDE92.sde\GIS.HYDROLOGY.Hydrology\GIS.HYDROLOGY.Lakes_Rivers" Class SHORT 8 # # # NULLABLE NON_REQUIRED # "Database Connections\Hydrology connected to SDE92.sde\GIS.HYDROLOGY.Hydrology\GIS.HYDROLOGY.Lakes_Rivers"</Process><Process ToolSource="C:\Program Files\ArcGIS\ArcToolbox\Toolboxes\Data Management Tools.tbx\DeleteField" Date="20081204" Time="073245">DeleteField "Database Connections\Hydrology connected to SDE92.sde\GIS.HYDROLOGY.Hydrology\GIS.HYDROLOGY.Lakes_Rivers" SYMBOL_CLASS "Database Connections\Hydrology connected to SDE92.sde\GIS.HYDROLOGY.Hydrology\GIS.HYDROLOGY.Lakes_Rivers"</Process><Process ToolSource="C:\Program Files\ArcGIS\ArcToolbox\Toolboxes\Data Management Tools.tbx\DeleteField" Date="20081204" Time="073332">DeleteField "Database Connections\Hydrology connected to SDE92.sde\GIS.HYDROLOGY.Hydrology\GIS.HYDROLOGY.Lakes_Rivers" Class "Database Connections\Hydrology connected to SDE92.sde\GIS.HYDROLOGY.Hydrology\GIS.HYDROLOGY.Lakes_Rivers"</Process><Process ToolSource="C:\Program Files\ArcGIS\ArcToolbox\Toolboxes\Data Management Tools.tbx\AddField" Date="20081204" Time="073358">AddField "Database Connections\Hydrology connected to SDE92.sde\GIS.HYDROLOGY.Hydrology\GIS.HYDROLOGY.Lakes_Rivers" CLASS SHORT 8 # # # NULLABLE NON_REQUIRED # "Database Connections\Hydrology connected to SDE92.sde\GIS.HYDROLOGY.Hydrology\GIS.HYDROLOGY.Lakes_Rivers"</Process></lineage><itemProps><itemLocation><linkage Sync="TRUE">file://\\DELL-D630\C$\Dropbox\Dropbox\Python\pythonbook\exercise02\rivers</linkage><protocol Sync="TRUE">Local Area Network</protocol></itemLocation></itemProps><copyHistory><copy source="C:\Dropbox\Dropbox\Python\Data_Cleaned\Clay\rivers" dest="\\DELL-D630\C$\Dropbox\Dropbox\Python\pythonbook\exercise02\rivers" date="20110801" time="16082800"></copy></copyHistory></DataProperties><SyncDate>20081125</SyncDate><SyncTime>13543500</SyncTime><ModDate>20081125</ModDate><ModTime>13543500</ModTime><ArcGISFormat>1.0</ArcGISFormat><ArcGISstyle>INSPIRE Metadata Directive</ArcGISstyle></Esri><idinfo><native Sync="TRUE">Microsoft Windows XP Version 5.1 (Build 2600) Service Pack 2; ESRI ArcCatalog 9.3.0.1770</native><descript><langdata Sync="TRUE">en</langdata><abstract>REQUIRED: A brief narrative summary of the data set.</abstract><purpose>REQUIRED: A summary of the intentions with which the data set was developed.</purpose></descript><citation><citeinfo><origin>REQUIRED: The name of an organization or individual that developed the data set.</origin><pubdate>REQUIRED: The date when the data set is published or otherwise made available for release.</pubdate><title Sync="TRUE">GIS.HYDROLOGY.Lakes_Rivers</title><ftname Sync="TRUE">GIS.HYDROLOGY.Lakes_Rivers</ftname><geoform Sync="TRUE">vector digital data</geoform><onlink Sync="TRUE"></onlink></citeinfo></citation><timeperd><current>REQUIRED: The basis on which the time period of content information is determined.</current><timeinfo><sngdate><caldate>REQUIRED: The year (and optionally month, or month and day) for which the data set corresponds to the ground.</caldate></sngdate></timeinfo></timeperd><status><progress>REQUIRED: The state of the data set.</progress><update>REQUIRED: The frequency with which changes and additions are made to the data set after the initial data set is completed.</update></status><spdom><bounding><westbc Sync="TRUE">-96.840318</westbc><eastbc Sync="TRUE">-96.167360</eastbc><northbc Sync="TRUE">47.152259</northbc><southbc Sync="TRUE">46.627474</southbc></bounding><lboundng><leftbc Sync="TRUE">465107.426161</leftbc><rightbc Sync="TRUE">632561.623404</rightbc><bottombc Sync="TRUE">99526.886182</bottombc><topbc Sync="TRUE">290494.663367</topbc></lboundng></spdom><keywords><theme><themekt>REQUIRED: Reference to a formally registered thesaurus or a similar authoritative source of theme keywords.</themekt><themekey>REQUIRED: Common-use word or phrase used to describe the subject of the data set.</themekey></theme></keywords><accconst>REQUIRED: Restrictions and legal prerequisites for accessing the data set.</accconst><useconst>REQUIRED: Restrictions and legal prerequisites for using the data set after access is granted.</useconst><natvform Sync="TRUE">SDE Feature Class</natvform></idinfo><dataIdInfo><envirDesc Sync="TRUE"> Version 6.0 (Build 6000) ; ESRI ArcCatalog 9.2.2.1350</envirDesc><dataLang><languageCode Sync="TRUE" value="en"></languageCode></dataLang><idCitation><resTitle Sync="TRUE">GIS.HYDROLOGY.GIS_DBO_Lakes_Rivers</resTitle><presForm><PresFormCd Sync="TRUE" value="005"></PresFormCd></presForm></idCitation><spatRpType><SpatRepTypCd Sync="TRUE" value="001"></SpatRepTypCd></spatRpType></dataIdInfo><metainfo><langmeta Sync="TRUE">en</langmeta><metstdn Sync="TRUE">FGDC Content Standards for Digital Geospatial Metadata</metstdn><metstdv Sync="TRUE">FGDC-STD-001-1998</metstdv><mettc Sync="TRUE">local time</mettc><metc><cntinfo><cntorgp><cntper>REQUIRED: The person responsible for the metadata information.</cntper><cntorg>REQUIRED: The organization responsible for the metadata information.</cntorg></cntorgp><cntaddr><addrtype>REQUIRED: The mailing and/or physical address for the organization or individual.</addrtype><city>REQUIRED: The city of the address.</city><state>REQUIRED: The state or province of the address.</state><postal>REQUIRED: The ZIP or other postal code of the address.</postal></cntaddr><cntvoice>REQUIRED: The telephone number by which individuals can speak to the organization or individual.</cntvoice></cntinfo></metc><metd Sync="TRUE">20081125</metd><metextns><onlink Sync="TRUE">http://www.esri.com/metadata/esriprof80.html</onlink><metprof Sync="TRUE">ESRI Metadata Profile</metprof></metextns></metainfo><mdLang><languageCode Sync="TRUE" value="en"></languageCode></mdLang><mdStanName Sync="TRUE">ISO 19115 Geographic Information - Metadata</mdStanName><mdStanVer Sync="TRUE">DIS_ESRI1.0</mdStanVer><mdChar><CharSetCd Sync="TRUE" value="004"></CharSetCd></mdChar><mdHrLv><ScopeCd Sync="TRUE" value="005"></ScopeCd></mdHrLv><mdHrLvName Sync="TRUE">dataset</mdHrLvName><distinfo><resdesc Sync="TRUE">Downloadable Data</resdesc></distinfo><distInfo><distributor><distorTran><onLineSrc><orDesc Sync="TRUE">002</orDesc><linkage Sync="TRUE">file://</linkage><protocol Sync="TRUE">Local Area Network</protocol></onLineSrc></distorTran><distorFormat><formatName Sync="TRUE">SDE Feature Class</formatName></distorFormat></distributor></distInfo><spdoinfo><direct Sync="TRUE">Vector</direct><ptvctinf><esriterm Name="GIS.HYDROLOGY.Lakes_Rivers"><efeatyp Sync="TRUE">Simple</efeatyp><efeageom Sync="TRUE">Polyline</efeageom><esritopo Sync="TRUE">FALSE</esritopo><efeacnt Sync="TRUE">1701</efeacnt><spindex Sync="TRUE">TRUE</spindex><linrefer Sync="TRUE">FALSE</linrefer></esriterm><sdtsterm Name="GIS.HYDROLOGY.Lakes_Rivers"><sdtstype Sync="TRUE">String</sdtstype><ptvctcnt Sync="TRUE">1701</ptvctcnt></sdtsterm></ptvctinf></spdoinfo><spref><horizsys><cordsysn><geogcsn Sync="TRUE">GCS_North_American_1983_HARN</geogcsn><projcsn Sync="TRUE">NAD_1983_HARN_Adj_MN_Clay_Feet</projcsn></cordsysn><planar><planci><plance Sync="TRUE">coordinate pair</plance><plandu Sync="TRUE">survey feet</plandu><coordrep><absres Sync="TRUE">0.000328</absres><ordres Sync="TRUE">0.000328</ordres></coordrep></planci><mapproj><mapprojn Sync="TRUE">Transverse Mercator</mapprojn><transmer><sfctrmer Sync="TRUE">1.000045</sfctrmer><longcm Sync="TRUE">-96.700000</longcm><latprjo Sync="TRUE">46.630000</latprjo><feast Sync="TRUE">500022.658089</feast><fnorth Sync="TRUE">100004.531946</fnorth></transmer></mapproj></planar><geodetic><horizdn Sync="TRUE">D_North_American_1983_HARN</horizdn><ellips Sync="TRUE">Geodetic Reference System 80</ellips><semiaxis Sync="TRUE">6378137.000000</semiaxis><denflat Sync="TRUE">298.257222</denflat></geodetic></horizsys><vertdef><altsys><altenc Sync="TRUE">Explicit elevation coordinate included with horizontal coordinates</altenc><altres Sync="TRUE">1.000000</altres></altsys></vertdef></spref><refSysInfo><RefSystem><refSysID><identCode Sync="TRUE">NAD_1983_HARN_Adj_MN_Clay_Feet</identCode></refSysID></RefSystem></refSysInfo><spatRepInfo><VectSpatRep><topLvl><TopoLevCd Sync="TRUE" value="001"></TopoLevCd></topLvl><geometObjs Name="GIS.HYDROLOGY.GIS_DBO_Lakes_Rivers"><geoObjTyp><GeoObjTypCd Sync="TRUE" value="001"></GeoObjTypCd></geoObjTyp><geoObjCnt Sync="TRUE">0</geoObjCnt></geometObjs></VectSpatRep></spatRepInfo><eainfo><detailed Name="GIS.HYDROLOGY.Lakes_Rivers"><enttyp><enttypl Sync="TRUE">GIS.HYDROLOGY.Lakes_Rivers</enttypl><enttypt Sync="TRUE">Feature Class</enttypt><enttypc Sync="TRUE">1701</enttypc></enttyp><attr><attrlabl Sync="TRUE">OBJECTID</attrlabl><attalias Sync="TRUE">OBJECTID</attalias><attrtype Sync="TRUE">OID</attrtype><attwidth Sync="TRUE">4</attwidth><atprecis Sync="TRUE">10</atprecis><attscale Sync="TRUE">0</attscale><attrdef Sync="TRUE">Internal feature number.</attrdef><attrdefs Sync="TRUE">ESRI</attrdefs><attrdomv><udom Sync="TRUE">Sequential unique whole numbers that are automatically generated.</udom></attrdomv></attr><attr><attrlabl Sync="TRUE">LENGTH</attrlabl><attalias Sync="TRUE">LENGTH</attalias><attrtype Sync="TRUE">Double</attrtype><attwidth Sync="TRUE">8</attwidth><atprecis Sync="TRUE">18</atprecis><attscale Sync="TRUE">5</attscale></attr><attr><attrlabl Sync="TRUE">NAME</attrlabl><attalias Sync="TRUE">NAME</attalias><attrtype Sync="TRUE">String</attrtype><attwidth Sync="TRUE">45</attwidth><atprecis Sync="TRUE">0</atprecis><attscale Sync="TRUE">0</attscale></attr><attr><attrlabl Sync="TRUE">SHAPE</attrlabl><attalias Sync="TRUE">Shape</attalias><attrtype Sync="TRUE">Geometry</attrtype><attwidth Sync="TRUE">4</attwidth><atprecis Sync="TRUE">0</atprecis><attscale Sync="TRUE">0</attscale><attrdef Sync="TRUE">Feature geometry.</attrdef><attrdefs Sync="TRUE">ESRI</attrdefs><attrdomv><udom Sync="TRUE">Coordinates defining the features.</udom></attrdomv></attr><attr><attrlabl Sync="TRUE">Type</attrlabl><attalias Sync="TRUE">Type</attalias><attrtype Sync="TRUE">String</attrtype><attwidth Sync="TRUE">50</attwidth><atprecis Sync="TRUE">0</atprecis><attscale Sync="TRUE">0</attscale></attr><attr><attrlabl Sync="TRUE">LABEL_CLASS</attrlabl><attalias Sync="TRUE">LABEL_CLASS</attalias><attrtype Sync="TRUE">String</attrtype><attwidth Sync="TRUE">50</attwidth><atprecis Sync="TRUE">0</atprecis><attscale Sync="TRUE">0</attscale></attr><attr><attrlabl Sync="TRUE">EDIT_DATE</attrlabl><attalias Sync="TRUE">EDIT_DATE</attalias><attrtype Sync="TRUE">Double</attrtype><attwidth Sync="TRUE">8</attwidth><atprecis Sync="TRUE">10</atprecis><attscale Sync="TRUE">0</attscale></attr><attr><attrlabl Sync="TRUE">REGION</attrlabl><attalias Sync="TRUE">REGION</attalias><attrtype Sync="TRUE">Double</attrtype><attwidth Sync="TRUE">8</attwidth><atprecis Sync="TRUE">10</atprecis><attscale Sync="TRUE">0</attscale></attr><attr><attrlabl Sync="TRUE">SHAPE.len</attrlabl><attalias Sync="TRUE">SHAPE.len</attalias><attrtype Sync="TRUE">Double</attrtype><attwidth Sync="TRUE">0</attwidth><atprecis Sync="TRUE">0</atprecis><attscale Sync="TRUE">0</attscale></attr></detailed></eainfo><mdDateSt Sync="TRUE">20070613</mdDateSt><dataqual><lineage><procstep><procdesc Sync="TRUE">Dataset copied.</procdesc><srcused Sync="TRUE">Server=CLAY-GIS-DATA; Service=5152; Database=GIS; Version=sde.DEFAULT</srcused><procdate Sync="TRUE">20090114</procdate><proctime Sync="TRUE">08043900</proctime></procstep></lineage></dataqual></metadata>
