<?xml version="1.0" encoding="UTF-8"?>
<metadata xml:lang="en"><Esri><CreaDate>20110801</CreaDate><CreaTime>16083600</CreaTime><SyncOnce>FALSE</SyncOnce><DataProperties><lineage><Process Name="Create Feature Class" ToolSource="C:\Program Files\ArcGIS\ArcToolbox\Toolboxes\Data Management Tools.tbx\CreateFeatureclass" Date="20051006" Time="133559">CreateFeatureclass "Database Connections\Connection to CLAY-GIS-DATA.sde\GIS.DBO.Transportation" Roads # Roads_October_2005_Layer SAME_AS_TEMPLATE SAME_AS_TEMPLATE "PROJCS['NAD_1983_HARN_Adj_MN_Clay_Feet',GEOGCS['GCS_North_American_1983_HARN',DATUM['D_North_American_1983_HARN',SPHEROID['GRS_1980',6378137.0,298.257222101]],PRIMEM['Greenwich',0.0],UNIT['Degree',0.0174532925199433]],PROJECTION['Transverse_Mercator'],PARAMETER['False_Easting',500022.6580891667],PARAMETER['False_Northing',100004.5319459167],PARAMETER['Central_Meridian',-96.7],PARAMETER['Scale_Factor',1.000045317862],PARAMETER['Latitude_Of_Origin',46.63],UNIT['Foot_US',0.3048006096012192]];647.879532852616 -354449.696904748 1953.12499818101;0 100000;0 100000" # 0 0 0 "Database Connections\Connection to CLAY-GIS-DATA.sde\GIS.DBO.Transportation\GIS.DBO.Roads"</Process><Process Name="Append" ToolSource="C:\Program Files\ArcGIS\ArcToolbox\Toolboxes\Data Management Tools.tbx\Append" Date="20051006" Time="133609">Append Roads_October_2005_Layer "Database Connections\Connection to CLAY-GIS-DATA.sde\GIS.DBO.Transportation\GIS.DBO.Roads" TEST "Database Connections\Connection to CLAY-GIS-DATA.sde\GIS.DBO.Transportation\GIS.DBO.Roads"</Process><Process Name="FeatureClassToFeatureClass_8" ToolSource="C:\Program Files\ArcGIS\ArcToolbox\Toolboxes\Conversion Tools.tbx\FeatureClassToFeatureClass" Date="20051006" Time="133609">FeatureClassToFeatureClass G:\Staff\Roads\Roads_October_2005.shp "Database Connections\Connection to CLAY-GIS-DATA.sde\GIS.DBO.Transportation" Roads # "OBJECTID OBJECTID VISIBLE;LENGTH LENGTH VISIBLE;PRE_TYPE PRE_TYPE VISIBLE;ST_NAME ST_NAME VISIBLE;STREET_NAM STREET_NAM VISIBLE;STREET_TYP STREET_TYP VISIBLE;SUF_DIR SUF_DIR VISIBLE;FULLNAME FULLNAME VISIBLE;LOW LOW VISIBLE;HIGH HIGH VISIBLE;L_ADD_FROM L_ADD_FROM VISIBLE;L_ADD_TO L_ADD_TO VISIBLE;R_ADD_FROM R_ADD_FROM VISIBLE;R_ADD_TO R_ADD_TO VISIBLE;L_PLACE L_PLACE VISIBLE;R_PLACE R_PLACE VISIBLE;L_CITY L_CITY VISIBLE;R_CITY R_CITY VISIBLE;STATE STATE VISIBLE;ZIP_RIGHT ZIP_RIGHT VISIBLE;ZIP_LEFT ZIP_LEFT VISIBLE;ESN_LEFT ESN_LEFT VISIBLE;ESN_RIGHT ESN_RIGHT VISIBLE;L_ODD_EVEN L_ODD_EVEN VISIBLE;ALIAS ALIAS VISIBLE;SURFACE_TY SURFACE_TY VISIBLE;FUNC_CLASS FUNC_CLASS VISIBLE;OWNERSHIP OWNERSHIP VISIBLE;L_PRECINCT L_PRECINCT VISIBLE;R_PRECINCT R_PRECINCT VISIBLE;L_SCHOOL L_SCHOOL VISIBLE;R_SCHOOL R_SCHOOL VISIBLE;COUNTY COUNTY VISIBLE;PSAP_ID PSAP_ID VISIBLE;EDIT_DATE EDIT_DATE VISIBLE;REGION REGION VISIBLE;COMMENTS COMMENTS VISIBLE;RD_NUMBER RD_NUMBER VISIBLE;CLASS CLASS VISIBLE;LINK_CLASS LINK_CLASS VISIBLE;STREETID STREETID VISIBLE;LINK_ID LINK_ID VISIBLE;LINK_NUM LINK_NUM VISIBLE;NAVSTREETS NAVSTREETS VISIBLE;L_COMMUNIT L_COMMUNIT VISIBLE;R_COMMUNIT R_COMMUNIT VISIBLE;LOCATION LOCATION VISIBLE;MAINT_TYPE MAINT_TYPE VISIBLE;MAINT_WINT MAINT_WINT VISIBLE;MAINT_OWN MAINT_OWN VISIBLE;MAINT_BY MAINT_BY VISIBLE;RURAL_SUB RURAL_SUB VISIBLE;POSTAL_ROU POSTAL_ROU VISIBLE;MAINT_DIST MAINT_DIST VISIBLE;SHAPE_len SHAPE_len VISIBLE" SAME_AS_TEMPLATE SAME_AS_TEMPLATE # 0 "Database Connections\Connection to CLAY-GIS-DATA.sde\GIS.DBO.Transportation\GIS.DBO.Roads"</Process><Process Name="AddField_1" ToolSource="C:\Program Files\ArcGIS\ArcToolbox\Toolboxes\Data Management Tools.tbx\AddField" Date="20051017" Time="100213">AddField "Database Connections\Connection to CLAY-GIS-DATA.sde\GIS.DBO.Transportation\GIS.DBO.Roads" Garbage_Route TEXT # # # # NULLABLE NON_REQUIRED # "Database Connections\Connection to CLAY-GIS-DATA.sde\GIS.DBO.Transportation\GIS.DBO.Roads"</Process><Process Name="AddField_2" ToolSource="C:\Program Files\ArcGIS\ArcToolbox\Toolboxes\Data Management Tools.tbx\AddField" Date="20051017" Time="100307">AddField "Database Connections\Connection to CLAY-GIS-DATA.sde\GIS.DBO.Transportation\GIS.DBO.Roads" Recycling_Schedule TEXT # # # # NULLABLE NON_REQUIRED # "Database Connections\Connection to CLAY-GIS-DATA.sde\GIS.DBO.Transportation\GIS.DBO.Roads"</Process><Process Name="AddField_1" ToolSource="C:\Program Files\ArcGIS\ArcToolbox\Toolboxes\Data Management Tools.tbx\AddField" Date="20051222" Time="134238">AddField "Database Connections\Connection to CLAY-GIS-DATA.sde\GIS.DBO.Transportation\GIS.DBO.Roads" Label_Class TEXT # # 50 # NULLABLE NON_REQUIRED # "Database Connections\Connection to CLAY-GIS-DATA.sde\GIS.DBO.Transportation\GIS.DBO.Roads"</Process><Process Name="AddField_1" ToolSource="C:\Program Files\ArcGIS\ArcToolbox\Toolboxes\Data Management Tools.tbx\AddField" Date="20070325" Time="151536">AddField "Database Connections\Connection to CLAY-GIS-DATA.sde\GIS.DBO.Transportation\GIS.DBO.Roads" MAINT_LINK_ID DOUBLE 14 0 # # NULLABLE NON_REQUIRED # "Database Connections\Connection to CLAY-GIS-DATA.sde\GIS.DBO.Transportation\GIS.DBO.Roads"</Process><Process Name="AddField_2" ToolSource="C:\Program Files\ArcGIS\ArcToolbox\Toolboxes\Data Management Tools.tbx\AddField" Date="20070325" Time="152300">AddField "Database Connections\Connection to CLAY-GIS-DATA.sde\GIS.DBO.Transportation\GIS.DBO.Roads" MAINT_DIST_WINTER TEXT # # 18 # NULLABLE NON_REQUIRED # "Database Connections\Connection to CLAY-GIS-DATA.sde\GIS.DBO.Transportation\GIS.DBO.Roads"</Process><Process Name="AddField_3" ToolSource="C:\Program Files\ArcGIS\ArcToolbox\Toolboxes\Data Management Tools.tbx\AddField" Date="20070325" Time="152332">AddField "Database Connections\Connection to CLAY-GIS-DATA.sde\GIS.DBO.Transportation\GIS.DBO.Roads" MAINT_DIST_SUMMER TEXT # # 18 # NULLABLE NON_REQUIRED # "Database Connections\Connection to CLAY-GIS-DATA.sde\GIS.DBO.Transportation\GIS.DBO.Roads"</Process><Process ToolSource="C:\Program Files\ArcGIS\ArcToolbox\Toolboxes\Data Management Tools.tbx\CopyFeatures" Date="20070706" Time="111915">CopyFeatures "Database Connections\91 connection as Mark.sde\GIS.DBO.Transportation\GIS.DBO.Roads" "Database Connections\Transportation connected to SDE92.sde\GIS.TRANSPORTATION.Transportation\GIS.TRANSPORTATION.GIS_DBO_Roads" # 0 0 0</Process><Process Name="DeleteField_3" ToolSource="C:\Program Files\ArcGIS\ArcToolbox\Toolboxes\Data Management Tools.tbx\DeleteField" Date="20070706" Time="112945">DeleteField "Database Connections\Transportation connected to SDE92.sde\GIS.TRANSPORTATION.Transportation\GIS.TRANSPORTATION.Roads" OBJECTID "Database Connections\Transportation connected to SDE92.sde\GIS.TRANSPORTATION.Transportation\GIS.TRANSPORTATION.Roads"</Process><Process ToolSource="C:\Program Files\ArcGIS\ArcToolbox\Toolboxes\Data Management Tools.tbx\AddField" Date="20100619" Time="101733">AddField "Database Connections\Transportation connected to GIS.sde\GIS.TRANSPORTATION.Transportation\GIS.TRANSPORTATION.Roads" FUNCTIONAL_CLASS TEXT 8 0 24 FUNCTIONAL_CLASS NULLABLE NON_REQUIRED # "Database Connections\Transportation connected to GIS.sde\GIS.TRANSPORTATION.Transportation\GIS.TRANSPORTATION.Roads"</Process><Process ToolSource="C:\Program Files\ArcGIS\ArcToolbox\Toolboxes\Data Management Tools.tbx\AddField" Date="20100619" Time="102455">AddField "Database Connections\Transportation connected to GIS.sde\GIS.TRANSPORTATION.Transportation\GIS.TRANSPORTATION.Roads" ROAD_CLASS DOUBLE 10 0 # # NULLABLE NON_REQUIRED ROADCLASS "Database Connections\Transportation connected to GIS.sde\GIS.TRANSPORTATION.Transportation\GIS.TRANSPORTATION.Roads"</Process><Process ToolSource="C:\Program Files\ArcGIS\ArcToolbox\Toolboxes\Data Management Tools.tbx\AddField" Date="20100619" Time="102552">AddField "Database Connections\Transportation connected to GIS.sde\GIS.TRANSPORTATION.Transportation\GIS.TRANSPORTATION.Roads" NUM_LANES DOUBLE 10 1 # # NULLABLE NON_REQUIRED # "Database Connections\Transportation connected to GIS.sde\GIS.TRANSPORTATION.Transportation\GIS.TRANSPORTATION.Roads"</Process><Process ToolSource="C:\Program Files\ArcGIS\ArcToolbox\Toolboxes\Data Management Tools.tbx\AddField" Date="20100619" Time="102623">AddField "Database Connections\Transportation connected to GIS.sde\GIS.TRANSPORTATION.Transportation\GIS.TRANSPORTATION.Roads" SPEED DOUBLE 10 0 # # NULLABLE NON_REQUIRED # "Database Connections\Transportation connected to GIS.sde\GIS.TRANSPORTATION.Transportation\GIS.TRANSPORTATION.Roads"</Process><Process ToolSource="C:\Program Files\ArcGIS\ArcToolbox\Toolboxes\Data Management Tools.tbx\AddField" Date="20100619" Time="102705">AddField "Database Connections\Transportation connected to GIS.sde\GIS.TRANSPORTATION.Transportation\GIS.TRANSPORTATION.Roads" ONEWAY TEXT # # 12 # NULLABLE NON_REQUIRED # "Database Connections\Transportation connected to GIS.sde\GIS.TRANSPORTATION.Transportation\GIS.TRANSPORTATION.Roads"</Process><Process ToolSource="C:\Program Files\ArcGIS\ArcToolbox\Toolboxes\Data Management Tools.tbx\AddField" Date="20100619" Time="102747">AddField "Database Connections\Transportation connected to GIS.sde\GIS.TRANSPORTATION.Transportation\GIS.TRANSPORTATION.Roads" TF_MINUTES DOUBLE 12 4 # # NULLABLE NON_REQUIRED # "Database Connections\Transportation connected to GIS.sde\GIS.TRANSPORTATION.Transportation\GIS.TRANSPORTATION.Roads"</Process><Process ToolSource="C:\Program Files\ArcGIS\ArcToolbox\Toolboxes\Data Management Tools.tbx\AddField" Date="20100619" Time="102829">AddField "Database Connections\Transportation connected to GIS.sde\GIS.TRANSPORTATION.Transportation\GIS.TRANSPORTATION.Roads" FT_MINUTES DOUBLE 12 4 # # NULLABLE NON_REQUIRED # "Database Connections\Transportation connected to GIS.sde\GIS.TRANSPORTATION.Transportation\GIS.TRANSPORTATION.Roads"</Process><Process ToolSource="C:\Program Files\ArcGIS\ArcToolbox\Toolboxes\Data Management Tools.tbx\AddField" Date="20100619" Time="102905">AddField "Database Connections\Transportation connected to GIS.sde\GIS.TRANSPORTATION.Transportation\GIS.TRANSPORTATION.Roads" F_ZLEV LONG 10 # # # NULLABLE NON_REQUIRED # "Database Connections\Transportation connected to GIS.sde\GIS.TRANSPORTATION.Transportation\GIS.TRANSPORTATION.Roads"</Process><Process ToolSource="C:\Program Files\ArcGIS\ArcToolbox\Toolboxes\Data Management Tools.tbx\AddField" Date="20100619" Time="102932">AddField "Database Connections\Transportation connected to GIS.sde\GIS.TRANSPORTATION.Transportation\GIS.TRANSPORTATION.Roads" T_ZLEV LONG 10 # # # NULLABLE NON_REQUIRED # "Database Connections\Transportation connected to GIS.sde\GIS.TRANSPORTATION.Transportation\GIS.TRANSPORTATION.Roads"</Process><Process ToolSource="C:\Program Files\ArcGIS\ArcToolbox\Toolboxes\Data Management Tools.tbx\AddField" Date="20100619" Time="103005">AddField "Database Connections\Transportation connected to GIS.sde\GIS.TRANSPORTATION.Transportation\GIS.TRANSPORTATION.Roads" FEET DOUBLE 18 2 # # NULLABLE NON_REQUIRED # "Database Connections\Transportation connected to GIS.sde\GIS.TRANSPORTATION.Transportation\GIS.TRANSPORTATION.Roads"</Process><Process ToolSource="C:\Program Files\ArcGIS\ArcToolbox\Toolboxes\Data Management Tools.tbx\AddField" Date="20100619" Time="103039">AddField "Database Connections\Transportation connected to GIS.sde\GIS.TRANSPORTATION.Transportation\GIS.TRANSPORTATION.Roads" STATUS TEXT # # 24 # NULLABLE NON_REQUIRED # "Database Connections\Transportation connected to GIS.sde\GIS.TRANSPORTATION.Transportation\GIS.TRANSPORTATION.Roads"</Process><Process ToolSource="C:\Program Files\ArcGIS\ArcToolbox\Toolboxes\Data Management Tools.tbx\DeleteField" Date="20100619" Time="103603">DeleteField "Database Connections\Transportation connected to GIS.sde\GIS.TRANSPORTATION.Transportation\GIS.TRANSPORTATION.Roads" L_COMMUNIT;R_COMMUNIT "Database Connections\Transportation connected to GIS.sde\GIS.TRANSPORTATION.Transportation\GIS.TRANSPORTATION.Roads"</Process><Process ToolSource="C:\Program Files\ArcGIS\ArcToolbox\Toolboxes\Data Management Tools.tbx\DeleteField" Date="20100619" Time="103718">DeleteField "Database Connections\Transportation connected to GIS.sde\GIS.TRANSPORTATION.Transportation\GIS.TRANSPORTATION.Roads" L_ODD_EVEN;STREETID;LINK_ID;MAINT_DIST "Database Connections\Transportation connected to GIS.sde\GIS.TRANSPORTATION.Transportation\GIS.TRANSPORTATION.Roads"</Process><Process ToolSource="C:\Program Files (x86)\ArcGIS\Desktop10.0\ArcToolbox\Toolboxes\Data Management Tools.tbx\CalculateField" Date="20101110" Time="131317">CalculateField Roads FULLNAME "I 94" VB #</Process><Process ToolSource="C:\Program Files\ArcGIS\ArcToolbox\Toolboxes\Data Management Tools.tbx\CopyFeatures" Date="20101231" Time="115411">CopyFeatures "Database Connections\Transportation connected to GIS.sde\GIS.TRANSPORTATION.Transportation\GIS.TRANSPORTATION.Roads" "Database Connections\Transportation connected to GIS.sde\GIS.TRANSPORTATION.Transportation_Copy_20101231\GIS.TRANSPORTATION.GIS_TRANSPORTATION_Roads" # 0 0 0</Process><Process ToolSource="C:\Program Files (x86)\ArcGIS\Desktop10.0\ArcToolbox\Toolboxes\Conversion Tools.tbx\FeatureClassToFeatureClass" Date="20110112" Time="140313">FeatureClassToFeatureClass "Database Connections\Transportation connection to GIS 10.sde\GIS.TRANSPORTATION.Transportation_Temp\GIS.TRANSPORTATION.Roads_old" "Database Connections\Transportation connection to GIS 10.sde\GIS.TRANSPORTATION.Transportation_Temp" Roads_20110105 # "LENGTH "LENGTH" true true false 8 Double 3 14 ,First,#,Database Connections\Transportation connection to GIS 10.sde\GIS.TRANSPORTATION.Transportation_Temp\GIS.TRANSPORTATION.Roads_old,LENGTH,-1,-1;PRE_TYPE "PRE_TYPE" true true false 5 Text 0 0 ,First,#,Database Connections\Transportation connection to GIS 10.sde\GIS.TRANSPORTATION.Transportation_Temp\GIS.TRANSPORTATION.Roads_old,PRE_TYPE,-1,-1;ST_NAME "ST_NAME" true true false 40 Text 0 0 ,First,#,Database Connections\Transportation connection to GIS 10.sde\GIS.TRANSPORTATION.Transportation_Temp\GIS.TRANSPORTATION.Roads_old,ST_NAME,-1,-1;STREET_NAM "STREET_NAM" true true false 16 Text 0 0 ,First,#,Database Connections\Transportation connection to GIS 10.sde\GIS.TRANSPORTATION.Transportation_Temp\GIS.TRANSPORTATION.Roads_old,STREET_NAM,-1,-1;STREET_TYP "STREET_TYP" true true false 5 Text 0 0 ,First,#,Database Connections\Transportation connection to GIS 10.sde\GIS.TRANSPORTATION.Transportation_Temp\GIS.TRANSPORTATION.Roads_old,STREET_TYP,-1,-1;SUF_DIR "SUF_DIR" true true false 2 Text 0 0 ,First,#,Database Connections\Transportation connection to GIS 10.sde\GIS.TRANSPORTATION.Transportation_Temp\GIS.TRANSPORTATION.Roads_old,SUF_DIR,-1,-1;FULLNAME "FULLNAME" true true false 45 Text 0 0 ,First,#,Database Connections\Transportation connection to GIS 10.sde\GIS.TRANSPORTATION.Transportation_Temp\GIS.TRANSPORTATION.Roads_old,FULLNAME,-1,-1;LOW "LOW" true true false 8 Double 0 11 ,First,#,Database Connections\Transportation connection to GIS 10.sde\GIS.TRANSPORTATION.Transportation_Temp\GIS.TRANSPORTATION.Roads_old,LOW,-1,-1;HIGH "HIGH" true true false 8 Double 0 11 ,First,#,Database Connections\Transportation connection to GIS 10.sde\GIS.TRANSPORTATION.Transportation_Temp\GIS.TRANSPORTATION.Roads_old,HIGH,-1,-1;L_ADD_FROM "L_ADD_FROM" true true false 8 Double 0 11 ,First,#,Database Connections\Transportation connection to GIS 10.sde\GIS.TRANSPORTATION.Transportation_Temp\GIS.TRANSPORTATION.Roads_old,L_ADD_FROM,-1,-1;L_ADD_TO "L_ADD_TO" true true false 8 Double 0 11 ,First,#,Database Connections\Transportation connection to GIS 10.sde\GIS.TRANSPORTATION.Transportation_Temp\GIS.TRANSPORTATION.Roads_old,L_ADD_TO,-1,-1;R_ADD_FROM "R_ADD_FROM" true true false 8 Double 0 11 ,First,#,Database Connections\Transportation connection to GIS 10.sde\GIS.TRANSPORTATION.Transportation_Temp\GIS.TRANSPORTATION.Roads_old,R_ADD_FROM,-1,-1;R_ADD_TO "R_ADD_TO" true true false 8 Double 0 11 ,First,#,Database Connections\Transportation connection to GIS 10.sde\GIS.TRANSPORTATION.Transportation_Temp\GIS.TRANSPORTATION.Roads_old,R_ADD_TO,-1,-1;L_PLACE "L_PLACE" true true false 25 Text 0 0 ,First,#,Database Connections\Transportation connection to GIS 10.sde\GIS.TRANSPORTATION.Transportation_Temp\GIS.TRANSPORTATION.Roads_old,L_PLACE,-1,-1;R_PLACE "R_PLACE" true true false 25 Text 0 0 ,First,#,Database Connections\Transportation connection to GIS 10.sde\GIS.TRANSPORTATION.Transportation_Temp\GIS.TRANSPORTATION.Roads_old,R_PLACE,-1,-1;L_CITY "L_CITY" true true false 25 Text 0 0 ,First,#,Database Connections\Transportation connection to GIS 10.sde\GIS.TRANSPORTATION.Transportation_Temp\GIS.TRANSPORTATION.Roads_old,L_CITY,-1,-1;R_CITY "R_CITY" true true false 25 Text 0 0 ,First,#,Database Connections\Transportation connection to GIS 10.sde\GIS.TRANSPORTATION.Transportation_Temp\GIS.TRANSPORTATION.Roads_old,R_CITY,-1,-1;STATE "STATE" true true false 5 Text 0 0 ,First,#,Database Connections\Transportation connection to GIS 10.sde\GIS.TRANSPORTATION.Transportation_Temp\GIS.TRANSPORTATION.Roads_old,STATE,-1,-1;ZIP_RIGHT "ZIP_RIGHT" true true false 8 Double 0 11 ,First,#,Database Connections\Transportation connection to GIS 10.sde\GIS.TRANSPORTATION.Transportation_Temp\GIS.TRANSPORTATION.Roads_old,ZIP_RIGHT,-1,-1;ZIP_LEFT "ZIP_LEFT" true true false 8 Double 0 11 ,First,#,Database Connections\Transportation connection to GIS 10.sde\GIS.TRANSPORTATION.Transportation_Temp\GIS.TRANSPORTATION.Roads_old,ZIP_LEFT,-1,-1;ESN_LEFT "ESN_LEFT" true true false 8 Double 0 11 ,First,#,Database Connections\Transportation connection to GIS 10.sde\GIS.TRANSPORTATION.Transportation_Temp\GIS.TRANSPORTATION.Roads_old,ESN_LEFT,-1,-1;ESN_RIGHT "ESN_RIGHT" true true false 8 Double 0 11 ,First,#,Database Connections\Transportation connection to GIS 10.sde\GIS.TRANSPORTATION.Transportation_Temp\GIS.TRANSPORTATION.Roads_old,ESN_RIGHT,-1,-1;ALIAS_old "ALIAS" true true false 40 Text 0 0 ,First,#,Database Connections\Transportation connection to GIS 10.sde\GIS.TRANSPORTATION.Transportation_Temp\GIS.TRANSPORTATION.Roads_old,ALIAS,-1,-1;SURFACE_TYPE_old "SURFACE_TYPE" true true false 16 Text 0 0 ,First,#,Database Connections\Transportation connection to GIS 10.sde\GIS.TRANSPORTATION.Transportation_Temp\GIS.TRANSPORTATION.Roads_old,SURFACE_TY,-1,-1;FUNC_CLASS_old "FUNC_CLASS" true true false 16 Text 0 0 ,First,#,Database Connections\Transportation connection to GIS 10.sde\GIS.TRANSPORTATION.Transportation_Temp\GIS.TRANSPORTATION.Roads_old,FUNC_CLASS,-1,-1;OWNERSHIP_old "OWNERSHIP" true true false 20 Text 0 0 ,First,#,Database Connections\Transportation connection to GIS 10.sde\GIS.TRANSPORTATION.Transportation_Temp\GIS.TRANSPORTATION.Roads_old,OWNERSHIP,-1,-1;L_PRECINCT "L_PRECINCT" true true false 8 Double 0 12 ,First,#,Database Connections\Transportation connection to GIS 10.sde\GIS.TRANSPORTATION.Transportation_Temp\GIS.TRANSPORTATION.Roads_old,L_PRECINCT,-1,-1;R_PRECINCT "R_PRECINCT" true true false 8 Double 0 12 ,First,#,Database Connections\Transportation connection to GIS 10.sde\GIS.TRANSPORTATION.Transportation_Temp\GIS.TRANSPORTATION.Roads_old,R_PRECINCT,-1,-1;L_SCHOOL "L_SCHOOL" true true false 8 Double 0 12 ,First,#,Database Connections\Transportation connection to GIS 10.sde\GIS.TRANSPORTATION.Transportation_Temp\GIS.TRANSPORTATION.Roads_old,L_SCHOOL,-1,-1;R_SCHOOL "R_SCHOOL" true true false 8 Double 0 12 ,First,#,Database Connections\Transportation connection to GIS 10.sde\GIS.TRANSPORTATION.Transportation_Temp\GIS.TRANSPORTATION.Roads_old,R_SCHOOL,-1,-1;COUNTY_old "COUNTY" true true false 4 Long 0 10 ,First,#,Database Connections\Transportation connection to GIS 10.sde\GIS.TRANSPORTATION.Transportation_Temp\GIS.TRANSPORTATION.Roads_old,COUNTY,-1,-1;PSAP_ID_old "PSAP_ID" true true false 16 Text 0 0 ,First,#,Database Connections\Transportation connection to GIS 10.sde\GIS.TRANSPORTATION.Transportation_Temp\GIS.TRANSPORTATION.Roads_old,PSAP_ID,-1,-1;EDIT_DATE_old "EDIT_DATE" true true false 8 Double 0 16 ,First,#,Database Connections\Transportation connection to GIS 10.sde\GIS.TRANSPORTATION.Transportation_Temp\GIS.TRANSPORTATION.Roads_old,EDIT_DATE,-1,-1;REGION_old "REGION" true true false 8 Double 0 10 ,First,#,Database Connections\Transportation connection to GIS 10.sde\GIS.TRANSPORTATION.Transportation_Temp\GIS.TRANSPORTATION.Roads_old,REGION,-1,-1;COMMENTS_old "COMMENTS" true true false 30 Text 0 0 ,First,#,Database Connections\Transportation connection to GIS 10.sde\GIS.TRANSPORTATION.Transportation_Temp\GIS.TRANSPORTATION.Roads_old,COMMENTS,-1,-1;RD_NUMBER_old "RD_NUMBER" true true false 8 Double 0 16 ,First,#,Database Connections\Transportation connection to GIS 10.sde\GIS.TRANSPORTATION.Transportation_Temp\GIS.TRANSPORTATION.Roads_old,RD_NUMBER,-1,-1;CLASS_old "CLASS" true true false 8 Double 0 10 ,First,#,Database Connections\Transportation connection to GIS 10.sde\GIS.TRANSPORTATION.Transportation_Temp\GIS.TRANSPORTATION.Roads_old,CLASS,-1,-1;LINK_CLASS_old "LINK_CLASS" true true false 8 Double 0 10 ,First,#,Database Connections\Transportation connection to GIS 10.sde\GIS.TRANSPORTATION.Transportation_Temp\GIS.TRANSPORTATION.Roads_old,LINK_CLASS,-1,-1;LINK_NUM_old "LINK_NUM" true true false 8 Double 0 16 ,First,#,Database Connections\Transportation connection to GIS 10.sde\GIS.TRANSPORTATION.Transportation_Temp\GIS.TRANSPORTATION.Roads_old,LINK_NUM,-1,-1;NAVSTREETS_old "NAVSTREETS" true true false 8 Double 0 16 ,First,#,Database Connections\Transportation connection to GIS 10.sde\GIS.TRANSPORTATION.Transportation_Temp\GIS.TRANSPORTATION.Roads_old,NAVSTREETS,-1,-1;LOCATION_old "LOCATION" true true false 25 Text 0 0 ,First,#,Database Connections\Transportation connection to GIS 10.sde\GIS.TRANSPORTATION.Transportation_Temp\GIS.TRANSPORTATION.Roads_old,LOCATION,-1,-1;MAINT_TYPE_old "MAINT_TYPE" true true false 30 Text 0 0 ,First,#,Database Connections\Transportation connection to GIS 10.sde\GIS.TRANSPORTATION.Transportation_Temp\GIS.TRANSPORTATION.Roads_old,MAINT_TYPE,-1,-1;MAINT_WINT_old "MAINT_WINT" true true false 16 Text 0 0 ,First,#,Database Connections\Transportation connection to GIS 10.sde\GIS.TRANSPORTATION.Transportation_Temp\GIS.TRANSPORTATION.Roads_old,MAINT_WINT,-1,-1;MAINT_OWN_old "MAINT_OWN" true true false 30 Text 0 0 ,First,#,Database Connections\Transportation connection to GIS 10.sde\GIS.TRANSPORTATION.Transportation_Temp\GIS.TRANSPORTATION.Roads_old,MAINT_OWN,-1,-1;MAINT_BY_old "MAINT_BY" true true false 30 Text 0 0 ,First,#,Database Connections\Transportation connection to GIS 10.sde\GIS.TRANSPORTATION.Transportation_Temp\GIS.TRANSPORTATION.Roads_old,MAINT_BY,-1,-1;RURAL_SUB_old "RURAL_SUB" true true false 30 Text 0 0 ,First,#,Database Connections\Transportation connection to GIS 10.sde\GIS.TRANSPORTATION.Transportation_Temp\GIS.TRANSPORTATION.Roads_old,RURAL_SUB,-1,-1;POSTAL_ROU_old "POSTAL_ROU" true true false 30 Text 0 0 ,First,#,Database Connections\Transportation connection to GIS 10.sde\GIS.TRANSPORTATION.Transportation_Temp\GIS.TRANSPORTATION.Roads_old,POSTAL_ROU,-1,-1;GARBAGE_ROUTE_old "GARBAGE_ROUTE" true true false 255 Text 0 0 ,First,#,Database Connections\Transportation connection to GIS 10.sde\GIS.TRANSPORTATION.Transportation_Temp\GIS.TRANSPORTATION.Roads_old,GARBAGE_ROUTE,-1,-1;RECYCLING_SCHEDULE_old "RECYCLING_SCHEDULE" true true false 255 Text 0 0 ,First,#,Database Connections\Transportation connection to GIS 10.sde\GIS.TRANSPORTATION.Transportation_Temp\GIS.TRANSPORTATION.Roads_old,RECYCLING_SCHEDULE,-1,-1;LABEL_CLASS_old "LABEL_CLASS" true true false 50 Text 0 0 ,First,#,Database Connections\Transportation connection to GIS 10.sde\GIS.TRANSPORTATION.Transportation_Temp\GIS.TRANSPORTATION.Roads_old,LABEL_CLASS,-1,-1;MAINT_LINK_ID_old "MAINT_LINK_ID" true true false 8 Double 0 14 ,First,#,Database Connections\Transportation connection to GIS 10.sde\GIS.TRANSPORTATION.Transportation_Temp\GIS.TRANSPORTATION.Roads_old,MAINT_LINK_ID,-1,-1;MAINT_DIST_WINTER_old "MAINT_DIST_WINTER" true true false 18 Text 0 0 ,First,#,Database Connections\Transportation connection to GIS 10.sde\GIS.TRANSPORTATION.Transportation_Temp\GIS.TRANSPORTATION.Roads_old,MAINT_DIST_WINTER,-1,-1;MAINT_DIST_SUMMER_old "MAINT_DIST_SUMMER" true true false 18 Text 0 0 ,First,#,Database Connections\Transportation connection to GIS 10.sde\GIS.TRANSPORTATION.Transportation_Temp\GIS.TRANSPORTATION.Roads_old,MAINT_DIST_SUMMER,-1,-1;LOAD_RESTRICTION_old "LOAD_RESTRICTION" true true false 24 Text 0 0 ,First,#,Database Connections\Transportation connection to GIS 10.sde\GIS.TRANSPORTATION.Transportation_Temp\GIS.TRANSPORTATION.Roads_old,LOAD_RESTRICTION,-1,-1;ROAD_ROW_WIDTH_old "ROAD_ROW_WIDTH" true true false 8 Double 2 10 ,First,#,Database Connections\Transportation connection to GIS 10.sde\GIS.TRANSPORTATION.Transportation_Temp\GIS.TRANSPORTATION.Roads_old,ROAD_ROW_WIDTH,-1,-1;HWY_CONTROL_SECTION_old "HWY_CONTROL_SECTION" true true false 10 Text 0 0 ,First,#,Database Connections\Transportation connection to GIS 10.sde\GIS.TRANSPORTATION.Transportation_Temp\GIS.TRANSPORTATION.Roads_old,HWY_CONTROL_SECTION,-1,-1;HWY_SEGMENT_old "HWY_SEGMENT" true true false 10 Text 0 0 ,First,#,Database Connections\Transportation connection to GIS 10.sde\GIS.TRANSPORTATION.Transportation_Temp\GIS.TRANSPORTATION.Roads_old,HWY_SEGMENT,-1,-1;FUNCTIONAL_CLASS_old "FUNCTIONAL_CLASS" true true false 24 Text 0 0 ,First,#,Database Connections\Transportation connection to GIS 10.sde\GIS.TRANSPORTATION.Transportation_Temp\GIS.TRANSPORTATION.Roads_old,FUNCTIONAL_CLASS,-1,-1;ROAD_CLASS_old "ROAD_CLASS" true true false 8 Double 0 10 ,First,#,Database Connections\Transportation connection to GIS 10.sde\GIS.TRANSPORTATION.Transportation_Temp\GIS.TRANSPORTATION.Roads_old,ROAD_CLASS,-1,-1;NUM_LANES_old "NUM_LANES" true true false 8 Double 1 10 ,First,#,Database Connections\Transportation connection to GIS 10.sde\GIS.TRANSPORTATION.Transportation_Temp\GIS.TRANSPORTATION.Roads_old,NUM_LANES,-1,-1;SPEED_old "SPEED" true true false 8 Double 0 10 ,First,#,Database Connections\Transportation connection to GIS 10.sde\GIS.TRANSPORTATION.Transportation_Temp\GIS.TRANSPORTATION.Roads_old,SPEED,-1,-1;ONEWAY_old "ONEWAY" true true false 12 Text 0 0 ,First,#,Database Connections\Transportation connection to GIS 10.sde\GIS.TRANSPORTATION.Transportation_Temp\GIS.TRANSPORTATION.Roads_old,ONEWAY,-1,-1;TF_MINUTES_old "TF_MINUTES" true true false 8 Double 4 12 ,First,#,Database Connections\Transportation connection to GIS 10.sde\GIS.TRANSPORTATION.Transportation_Temp\GIS.TRANSPORTATION.Roads_old,TF_MINUTES,-1,-1;FT_MINUTES_old "FT_MINUTES" true true false 8 Double 4 12 ,First,#,Database Connections\Transportation connection to GIS 10.sde\GIS.TRANSPORTATION.Transportation_Temp\GIS.TRANSPORTATION.Roads_old,FT_MINUTES,-1,-1;F_ZLEV_old "F_ZLEV" true true false 8 Double 8 38 ,First,#,Database Connections\Transportation connection to GIS 10.sde\GIS.TRANSPORTATION.Transportation_Temp\GIS.TRANSPORTATION.Roads_old,F_ZLEV,-1,-1;T_ZLEV_old "T_ZLEV" true true false 8 Double 8 38 ,First,#,Database Connections\Transportation connection to GIS 10.sde\GIS.TRANSPORTATION.Transportation_Temp\GIS.TRANSPORTATION.Roads_old,T_ZLEV,-1,-1;FEET_old "FEET" true true false 8 Double 2 18 ,First,#,Database Connections\Transportation connection to GIS 10.sde\GIS.TRANSPORTATION.Transportation_Temp\GIS.TRANSPORTATION.Roads_old,FEET,-1,-1;STATUS_old "STATUS" true true false 24 Text 0 0 ,First,#,Database Connections\Transportation connection to GIS 10.sde\GIS.TRANSPORTATION.Transportation_Temp\GIS.TRANSPORTATION.Roads_old,STATUS,-1,-1;SHAPE_len "SHAPE.len" false false true 0 Double 0 0 ,First,#,Database Connections\Transportation connection to GIS 10.sde\GIS.TRANSPORTATION.Transportation_Temp\GIS.TRANSPORTATION.Roads_old,SHAPE.len,-1,-1" #</Process><Process ToolSource="C:\Program Files (x86)\ArcGIS\Desktop10.0\ArcToolbox\Toolboxes\Data Management Tools.tbx\CalculateField" Date="20110113" Time="123828">CalculateField "Database Connections\Transportation connection to GIS 10.sde\GIS.TRANSPORTATION.Transportation_Temp\GIS.TRANSPORTATION.Roads_20110105" REGION [REGION_old] VB #</Process><Process ToolSource="C:\Program Files (x86)\ArcGIS\Desktop10.0\ArcToolbox\Toolboxes\Data Management Tools.tbx\CalculateField" Date="20110113" Time="123932">CalculateField "Database Connections\Transportation connection to GIS 10.sde\GIS.TRANSPORTATION.Transportation_Temp\GIS.TRANSPORTATION.Roads_20110105" EDIT_DATE [EDIT_DATE_old] VB #</Process><Process ToolSource="C:\Program Files (x86)\ArcGIS\Desktop10.0\ArcToolbox\Toolboxes\Data Management Tools.tbx\CalculateField" Date="20110113" Time="124027">CalculateField "Database Connections\Transportation connection to GIS 10.sde\GIS.TRANSPORTATION.Transportation_Temp\GIS.TRANSPORTATION.Roads_20110105" COMMENTS [COMMENTS_old] VB #</Process><Process ToolSource="C:\Program Files (x86)\ArcGIS\Desktop10.0\ArcToolbox\Toolboxes\Data Management Tools.tbx\CalculateField" Date="20110113" Time="124113">CalculateField "Database Connections\Transportation connection to GIS 10.sde\GIS.TRANSPORTATION.Transportation_Temp\GIS.TRANSPORTATION.Roads_20110105" STATUS [STATUS_old] VB #</Process><Process ToolSource="C:\Program Files (x86)\ArcGIS\Desktop10.0\ArcToolbox\Toolboxes\Data Management Tools.tbx\CalculateField" Date="20110113" Time="124230">CalculateField "Database Connections\Transportation connection to GIS 10.sde\GIS.TRANSPORTATION.Transportation_Temp\GIS.TRANSPORTATION.Roads_20110105" SURFACE_TYPE [SURFACE_TYPE_old] VB #</Process><Process ToolSource="C:\Program Files (x86)\ArcGIS\Desktop10.0\ArcToolbox\Toolboxes\Data Management Tools.tbx\CalculateField" Date="20110113" Time="124431">CalculateField "Database Connections\Transportation connection to GIS 10.sde\GIS.TRANSPORTATION.Transportation_Temp\GIS.TRANSPORTATION.Roads_20110105" SPEED [SPEED_old] VB #</Process><Process ToolSource="C:\Program Files (x86)\ArcGIS\Desktop10.0\ArcToolbox\Toolboxes\Data Management Tools.tbx\CalculateField" Date="20110113" Time="124530">CalculateField "Database Connections\Transportation connection to GIS 10.sde\GIS.TRANSPORTATION.Transportation_Temp\GIS.TRANSPORTATION.Roads_20110105" NUM_LANES [NUM_LANES_old] VB #</Process><Process ToolSource="C:\Program Files (x86)\ArcGIS\Desktop10.0\ArcToolbox\Toolboxes\Data Management Tools.tbx\CalculateField" Date="20110113" Time="124714">CalculateField "Database Connections\Transportation connection to GIS 10.sde\GIS.TRANSPORTATION.Transportation_Temp\GIS.TRANSPORTATION.Roads_20110105" ROAD_ROW_WIDTH [ROAD_ROW_WIDTH_old] VB #</Process><Process ToolSource="C:\Program Files (x86)\ArcGIS\Desktop10.0\ArcToolbox\Toolboxes\Data Management Tools.tbx\CalculateField" Date="20110113" Time="124751">CalculateField "Database Connections\Transportation connection to GIS 10.sde\GIS.TRANSPORTATION.Transportation_Temp\GIS.TRANSPORTATION.Roads_20110105" ROW_WIDTH [ROAD_ROW_WIDTH_old] VB #</Process><Process ToolSource="C:\Program Files (x86)\ArcGIS\Desktop10.0\ArcToolbox\Toolboxes\Data Management Tools.tbx\CalculateField" Date="20110113" Time="125028">CalculateField "Database Connections\Transportation connection to GIS 10.sde\GIS.TRANSPORTATION.Transportation_Temp\GIS.TRANSPORTATION.Roads_20110105" ALIAS [ALIAS_old] VB #</Process><Process ToolSource="C:\Program Files (x86)\ArcGIS\Desktop10.0\ArcToolbox\Toolboxes\Data Management Tools.tbx\CalculateField" Date="20110113" Time="125130">CalculateField "Database Connections\Transportation connection to GIS 10.sde\GIS.TRANSPORTATION.Transportation_Temp\GIS.TRANSPORTATION.Roads_20110105" RD_NUMBER [RD_NUMBER_old] VB #</Process><Process ToolSource="C:\Program Files (x86)\ArcGIS\Desktop10.0\ArcToolbox\Toolboxes\Data Management Tools.tbx\CalculateField" Date="20110113" Time="125231">CalculateField "Database Connections\Transportation connection to GIS 10.sde\GIS.TRANSPORTATION.Transportation_Temp\GIS.TRANSPORTATION.Roads_20110105" FUNCTIONAL_CLASS [FUNCTIONAL_CLASS_old] VB #</Process><Process ToolSource="C:\Program Files (x86)\ArcGIS\Desktop10.0\ArcToolbox\Toolboxes\Data Management Tools.tbx\CalculateField" Date="20110113" Time="125353">CalculateField "Database Connections\Transportation connection to GIS 10.sde\GIS.TRANSPORTATION.Transportation_Temp\GIS.TRANSPORTATION.Roads_20110105" LABEL_CLASS [LABEL_CLASS_old] VB #</Process><Process ToolSource="C:\Program Files (x86)\ArcGIS\Desktop10.0\ArcToolbox\Toolboxes\Data Management Tools.tbx\CalculateField" Date="20110113" Time="125457">CalculateField "Database Connections\Transportation connection to GIS 10.sde\GIS.TRANSPORTATION.Transportation_Temp\GIS.TRANSPORTATION.Roads_20110105" ROADCLASS [ROAD_CLASS_old] VB #</Process><Process ToolSource="C:\Program Files (x86)\ArcGIS\Desktop10.0\ArcToolbox\Toolboxes\Data Management Tools.tbx\CalculateField" Date="20110113" Time="125555">CalculateField "Database Connections\Transportation connection to GIS 10.sde\GIS.TRANSPORTATION.Transportation_Temp\GIS.TRANSPORTATION.Roads_20110105" CLASS [CLASS_old] VB #</Process><Process ToolSource="C:\Program Files (x86)\ArcGIS\Desktop10.0\ArcToolbox\Toolboxes\Data Management Tools.tbx\CalculateField" Date="20110113" Time="125653">CalculateField "Database Connections\Transportation connection to GIS 10.sde\GIS.TRANSPORTATION.Transportation_Temp\GIS.TRANSPORTATION.Roads_20110105" LINK_CLASS [LINK_CLASS_old] VB #</Process><Process ToolSource="C:\Program Files (x86)\ArcGIS\Desktop10.0\ArcToolbox\Toolboxes\Data Management Tools.tbx\CalculateField" Date="20110113" Time="125802">CalculateField "Database Connections\Transportation connection to GIS 10.sde\GIS.TRANSPORTATION.Transportation_Temp\GIS.TRANSPORTATION.Roads_20110105" LINK_NUM [LINK_NUM_old] VB #</Process><Process ToolSource="C:\Program Files (x86)\ArcGIS\Desktop10.0\ArcToolbox\Toolboxes\Data Management Tools.tbx\CalculateField" Date="20110113" Time="125933">CalculateField "Database Connections\Transportation connection to GIS 10.sde\GIS.TRANSPORTATION.Transportation_Temp\GIS.TRANSPORTATION.Roads_20110105" GARBAGE_ROUTE [GARBAGE_ROUTE_old] VB #</Process><Process ToolSource="C:\Program Files (x86)\ArcGIS\Desktop10.0\ArcToolbox\Toolboxes\Data Management Tools.tbx\CalculateField" Date="20110113" Time="130053">CalculateField "Database Connections\Transportation connection to GIS 10.sde\GIS.TRANSPORTATION.Transportation_Temp\GIS.TRANSPORTATION.Roads_20110105" RECYCLING_SCHEDULE [RECYCLING_SCHEDULE_old] VB #</Process><Process ToolSource="C:\Program Files (x86)\ArcGIS\Desktop10.0\ArcToolbox\Toolboxes\Data Management Tools.tbx\CalculateField" Date="20110113" Time="130216">CalculateField "Database Connections\Transportation connection to GIS 10.sde\GIS.TRANSPORTATION.Transportation_Temp\GIS.TRANSPORTATION.Roads_20110105" MAINT_FUNDING [OWNERSHIP_old] VB #</Process><Process ToolSource="C:\Program Files (x86)\ArcGIS\Desktop10.0\ArcToolbox\Toolboxes\Data Management Tools.tbx\CalculateField" Date="20110113" Time="130629">CalculateField "Database Connections\Transportation connection to GIS 10.sde\GIS.TRANSPORTATION.Transportation_Temp\GIS.TRANSPORTATION.Roads_20110105" MAINT_OWNER [MAINT_OWN_old] VB #</Process><Process ToolSource="C:\Program Files (x86)\ArcGIS\Desktop10.0\ArcToolbox\Toolboxes\Data Management Tools.tbx\CalculateField" Date="20110113" Time="130718">CalculateField "Database Connections\Transportation connection to GIS 10.sde\GIS.TRANSPORTATION.Transportation_Temp\GIS.TRANSPORTATION.Roads_20110105" MAINT_BY [MAINT_BY_old] VB #</Process><Process ToolSource="C:\Program Files (x86)\ArcGIS\Desktop10.0\ArcToolbox\Toolboxes\Data Management Tools.tbx\CalculateField" Date="20110113" Time="130854">CalculateField "Database Connections\Transportation connection to GIS 10.sde\GIS.TRANSPORTATION.Transportation_Temp\GIS.TRANSPORTATION.Roads_20110105" MAINT_DIST_WINTER [MAINT_DIST_WINTER_old] VB #</Process><Process ToolSource="C:\Program Files (x86)\ArcGIS\Desktop10.0\ArcToolbox\Toolboxes\Data Management Tools.tbx\CalculateField" Date="20110113" Time="130945">CalculateField "Database Connections\Transportation connection to GIS 10.sde\GIS.TRANSPORTATION.Transportation_Temp\GIS.TRANSPORTATION.Roads_20110105" MAINT_DIST_SUMMER [MAINT_DIST_SUMMER_old] VB #</Process><Process ToolSource="C:\Program Files (x86)\ArcGIS\Desktop10.0\ArcToolbox\Toolboxes\Data Management Tools.tbx\CalculateField" Date="20110113" Time="131114">CalculateField "Database Connections\Transportation connection to GIS 10.sde\GIS.TRANSPORTATION.Transportation_Temp\GIS.TRANSPORTATION.Roads_20110105" MAINT_TYPE [MAINT_TYPE_old] VB #</Process><Process ToolSource="C:\Program Files (x86)\ArcGIS\Desktop10.0\ArcToolbox\Toolboxes\Data Management Tools.tbx\CalculateField" Date="20110113" Time="131212">CalculateField "Database Connections\Transportation connection to GIS 10.sde\GIS.TRANSPORTATION.Transportation_Temp\GIS.TRANSPORTATION.Roads_20110105" MAINT_WINTER [MAINT_WINT_old] VB #</Process><Process ToolSource="C:\Program Files (x86)\ArcGIS\Desktop10.0\ArcToolbox\Toolboxes\Data Management Tools.tbx\CalculateField" Date="20110113" Time="131258">CalculateField "Database Connections\Transportation connection to GIS 10.sde\GIS.TRANSPORTATION.Transportation_Temp\GIS.TRANSPORTATION.Roads_20110105" MAINT_RURAL_SUB [RURAL_SUB_old] VB #</Process><Process ToolSource="C:\Program Files (x86)\ArcGIS\Desktop10.0\ArcToolbox\Toolboxes\Data Management Tools.tbx\CalculateField" Date="20110113" Time="131351">CalculateField "Database Connections\Transportation connection to GIS 10.sde\GIS.TRANSPORTATION.Transportation_Temp\GIS.TRANSPORTATION.Roads_20110105" MAINT_LINK_ID [MAINT_LINK_ID_old] VB #</Process><Process ToolSource="C:\Program Files (x86)\ArcGIS\Desktop10.0\ArcToolbox\Toolboxes\Data Management Tools.tbx\CalculateField" Date="20110113" Time="131510">CalculateField "Database Connections\Transportation connection to GIS 10.sde\GIS.TRANSPORTATION.Transportation_Temp\GIS.TRANSPORTATION.Roads_20110105" HWY_CONTROL_SECTION [HWY_CONTROL_SECTION_old] VB #</Process><Process ToolSource="C:\Program Files (x86)\ArcGIS\Desktop10.0\ArcToolbox\Toolboxes\Data Management Tools.tbx\CalculateField" Date="20110113" Time="131631">CalculateField "Database Connections\Transportation connection to GIS 10.sde\GIS.TRANSPORTATION.Transportation_Temp\GIS.TRANSPORTATION.Roads_20110105" HWY_SEGMENT [HWY_SEGMENT_old] VB #</Process><Process ToolSource="C:\Program Files (x86)\ArcGIS\Desktop10.0\ArcToolbox\Toolboxes\Data Management Tools.tbx\CalculateField" Date="20110113" Time="131722">CalculateField "Database Connections\Transportation connection to GIS 10.sde\GIS.TRANSPORTATION.Transportation_Temp\GIS.TRANSPORTATION.Roads_20110105" LOAD_RESTRICTION [LOAD_RESTRICTION_old] VB #</Process><Process ToolSource="C:\Program Files (x86)\ArcGIS\Desktop10.0\ArcToolbox\Toolboxes\Data Management Tools.tbx\CalculateField" Date="20110113" Time="131835">CalculateField "Database Connections\Transportation connection to GIS 10.sde\GIS.TRANSPORTATION.Transportation_Temp\GIS.TRANSPORTATION.Roads_20110105" POSTAL_ROUTE [POSTAL_ROU_old] VB #</Process><Process ToolSource="C:\Program Files (x86)\ArcGIS\Desktop10.0\ArcToolbox\Toolboxes\Data Management Tools.tbx\CalculateField" Date="20110113" Time="131927">CalculateField "Database Connections\Transportation connection to GIS 10.sde\GIS.TRANSPORTATION.Transportation_Temp\GIS.TRANSPORTATION.Roads_20110105" NAVSTREETS [NAVSTREETS_old] VB #</Process><Process ToolSource="C:\Program Files (x86)\ArcGIS\Desktop10.0\ArcToolbox\Toolboxes\Data Management Tools.tbx\CalculateField" Date="20110113" Time="132032">CalculateField "Database Connections\Transportation connection to GIS 10.sde\GIS.TRANSPORTATION.Transportation_Temp\GIS.TRANSPORTATION.Roads_20110105" CO_CODE 27 VB #</Process><Process ToolSource="C:\Program Files (x86)\ArcGIS\Desktop10.0\ArcToolbox\Toolboxes\Data Management Tools.tbx\CalculateField" Date="20110113" Time="132131">CalculateField "Database Connections\Transportation connection to GIS 10.sde\GIS.TRANSPORTATION.Transportation_Temp\GIS.TRANSPORTATION.Roads_20110105" CO_NAME "Clay" VB #</Process><Process ToolSource="C:\Program Files (x86)\ArcGIS\Desktop10.0\ArcToolbox\Toolboxes\Data Management Tools.tbx\CalculateField" Date="20110113" Time="132218">CalculateField "Database Connections\Transportation connection to GIS 10.sde\GIS.TRANSPORTATION.Transportation_Temp\GIS.TRANSPORTATION.Roads_20110105" PSAP_ID [PSAP_ID_old] VB #</Process><Process ToolSource="C:\Program Files (x86)\ArcGIS\Desktop10.0\ArcToolbox\Toolboxes\Data Management Tools.tbx\CalculateField" Date="20110113" Time="132316">CalculateField "Database Connections\Transportation connection to GIS 10.sde\GIS.TRANSPORTATION.Transportation_Temp\GIS.TRANSPORTATION.Roads_20110105" ONEWAY [ONEWAY_old] VB #</Process><Process ToolSource="C:\Program Files (x86)\ArcGIS\Desktop10.0\ArcToolbox\Toolboxes\Data Management Tools.tbx\CalculateField" Date="20110113" Time="132521">CalculateField "Database Connections\Transportation connection to GIS 10.sde\GIS.TRANSPORTATION.Transportation_Temp\GIS.TRANSPORTATION.Roads_20110105" F_ZLEV [F_ZLEV_old] VB #</Process><Process ToolSource="C:\Program Files (x86)\ArcGIS\Desktop10.0\ArcToolbox\Toolboxes\Data Management Tools.tbx\CalculateField" Date="20110113" Time="132603">CalculateField "Database Connections\Transportation connection to GIS 10.sde\GIS.TRANSPORTATION.Transportation_Temp\GIS.TRANSPORTATION.Roads_20110105" T_ZLEV [T_ZLEV_old] VB #</Process><Process ToolSource="C:\Program Files (x86)\ArcGIS\Desktop10.0\ArcToolbox\Toolboxes\Data Management Tools.tbx\CalculateField" Date="20110113" Time="132646">CalculateField "Database Connections\Transportation connection to GIS 10.sde\GIS.TRANSPORTATION.Transportation_Temp\GIS.TRANSPORTATION.Roads_20110105" FEET [Shape.len] VB #</Process><Process ToolSource="C:\Program Files (x86)\ArcGIS\Desktop10.0\ArcToolbox\Toolboxes\Conversion Tools.tbx\FeatureClassToFeatureClass" Date="20110113" Time="134313">FeatureClassToFeatureClass "Database Connections\Transportation connection to GIS 10.sde\GIS.TRANSPORTATION.Transportation_Temp\GIS.TRANSPORTATION.Roads_20110105" "Database Connections\Transportation connection to GIS 10.sde\GIS.TRANSPORTATION.Transportation" Roads # "PRE_TYPE "PRE_TYPE" true true false 5 Text 0 0 ,First,#,Database Connections\Transportation connection to GIS 10.sde\GIS.TRANSPORTATION.Transportation_Temp\GIS.TRANSPORTATION.Roads_20110105,PRE_TYPE,-1,-1;ST_NAME "ST_NAME" true true false 40 Text 0 0 ,First,#,Database Connections\Transportation connection to GIS 10.sde\GIS.TRANSPORTATION.Transportation_Temp\GIS.TRANSPORTATION.Roads_20110105,ST_NAME,-1,-1;STREET_NAM "STREET_NAM" true true false 16 Text 0 0 ,First,#,Database Connections\Transportation connection to GIS 10.sde\GIS.TRANSPORTATION.Transportation_Temp\GIS.TRANSPORTATION.Roads_20110105,STREET_NAM,-1,-1;STREET_TYP "STREET_TYP" true true false 5 Text 0 0 ,First,#,Database Connections\Transportation connection to GIS 10.sde\GIS.TRANSPORTATION.Transportation_Temp\GIS.TRANSPORTATION.Roads_20110105,STREET_TYP,-1,-1;SUF_DIR "SUF_DIR" true true false 2 Text 0 0 ,First,#,Database Connections\Transportation connection to GIS 10.sde\GIS.TRANSPORTATION.Transportation_Temp\GIS.TRANSPORTATION.Roads_20110105,SUF_DIR,-1,-1;FULLNAME "FULLNAME" true true false 45 Text 0 0 ,First,#,Database Connections\Transportation connection to GIS 10.sde\GIS.TRANSPORTATION.Transportation_Temp\GIS.TRANSPORTATION.Roads_20110105,FULLNAME,-1,-1;LOW "LOW" true true false 8 Double 0 11 ,First,#,Database Connections\Transportation connection to GIS 10.sde\GIS.TRANSPORTATION.Transportation_Temp\GIS.TRANSPORTATION.Roads_20110105,LOW,-1,-1;HIGH "HIGH" true true false 8 Double 0 11 ,First,#,Database Connections\Transportation connection to GIS 10.sde\GIS.TRANSPORTATION.Transportation_Temp\GIS.TRANSPORTATION.Roads_20110105,HIGH,-1,-1;L_ADD_FROM "L_ADD_FROM" true true false 8 Double 0 11 ,First,#,Database Connections\Transportation connection to GIS 10.sde\GIS.TRANSPORTATION.Transportation_Temp\GIS.TRANSPORTATION.Roads_20110105,L_ADD_FROM,-1,-1;L_ADD_TO "L_ADD_TO" true true false 8 Double 0 11 ,First,#,Database Connections\Transportation connection to GIS 10.sde\GIS.TRANSPORTATION.Transportation_Temp\GIS.TRANSPORTATION.Roads_20110105,L_ADD_TO,-1,-1;R_ADD_FROM "R_ADD_FROM" true true false 8 Double 0 11 ,First,#,Database Connections\Transportation connection to GIS 10.sde\GIS.TRANSPORTATION.Transportation_Temp\GIS.TRANSPORTATION.Roads_20110105,R_ADD_FROM,-1,-1;R_ADD_TO "R_ADD_TO" true true false 8 Double 0 11 ,First,#,Database Connections\Transportation connection to GIS 10.sde\GIS.TRANSPORTATION.Transportation_Temp\GIS.TRANSPORTATION.Roads_20110105,R_ADD_TO,-1,-1;L_PLACE "L_PLACE" true true false 25 Text 0 0 ,First,#,Database Connections\Transportation connection to GIS 10.sde\GIS.TRANSPORTATION.Transportation_Temp\GIS.TRANSPORTATION.Roads_20110105,L_PLACE,-1,-1;R_PLACE "R_PLACE" true true false 25 Text 0 0 ,First,#,Database Connections\Transportation connection to GIS 10.sde\GIS.TRANSPORTATION.Transportation_Temp\GIS.TRANSPORTATION.Roads_20110105,R_PLACE,-1,-1;L_CITY "L_CITY" true true false 25 Text 0 0 ,First,#,Database Connections\Transportation connection to GIS 10.sde\GIS.TRANSPORTATION.Transportation_Temp\GIS.TRANSPORTATION.Roads_20110105,L_CITY,-1,-1;R_CITY "R_CITY" true true false 25 Text 0 0 ,First,#,Database Connections\Transportation connection to GIS 10.sde\GIS.TRANSPORTATION.Transportation_Temp\GIS.TRANSPORTATION.Roads_20110105,R_CITY,-1,-1;STATE "STATE" true true false 5 Text 0 0 ,First,#,Database Connections\Transportation connection to GIS 10.sde\GIS.TRANSPORTATION.Transportation_Temp\GIS.TRANSPORTATION.Roads_20110105,STATE,-1,-1;ZIP_RIGHT "ZIP_RIGHT" true true false 8 Double 0 11 ,First,#,Database Connections\Transportation connection to GIS 10.sde\GIS.TRANSPORTATION.Transportation_Temp\GIS.TRANSPORTATION.Roads_20110105,ZIP_RIGHT,-1,-1;ZIP_LEFT "ZIP_LEFT" true true false 8 Double 0 11 ,First,#,Database Connections\Transportation connection to GIS 10.sde\GIS.TRANSPORTATION.Transportation_Temp\GIS.TRANSPORTATION.Roads_20110105,ZIP_LEFT,-1,-1;ESN_LEFT "ESN_LEFT" true true false 8 Double 0 11 ,First,#,Database Connections\Transportation connection to GIS 10.sde\GIS.TRANSPORTATION.Transportation_Temp\GIS.TRANSPORTATION.Roads_20110105,ESN_LEFT,-1,-1;ESN_RIGHT "ESN_RIGHT" true true false 8 Double 0 11 ,First,#,Database Connections\Transportation connection to GIS 10.sde\GIS.TRANSPORTATION.Transportation_Temp\GIS.TRANSPORTATION.Roads_20110105,ESN_RIGHT,-1,-1;L_PRECINCT "L_PRECINCT" true true false 8 Double 0 12 ,First,#,Database Connections\Transportation connection to GIS 10.sde\GIS.TRANSPORTATION.Transportation_Temp\GIS.TRANSPORTATION.Roads_20110105,L_PRECINCT,-1,-1;R_PRECINCT "R_PRECINCT" true true false 8 Double 0 12 ,First,#,Database Connections\Transportation connection to GIS 10.sde\GIS.TRANSPORTATION.Transportation_Temp\GIS.TRANSPORTATION.Roads_20110105,R_PRECINCT,-1,-1;L_SCHOOL "L_SCHOOL" true true false 8 Double 0 12 ,First,#,Database Connections\Transportation connection to GIS 10.sde\GIS.TRANSPORTATION.Transportation_Temp\GIS.TRANSPORTATION.Roads_20110105,L_SCHOOL,-1,-1;R_SCHOOL "R_SCHOOL" true true false 8 Double 0 12 ,First,#,Database Connections\Transportation connection to GIS 10.sde\GIS.TRANSPORTATION.Transportation_Temp\GIS.TRANSPORTATION.Roads_20110105,R_SCHOOL,-1,-1;REGION "REGION" true true false 4 Long 0 10 ,First,#,Database Connections\Transportation connection to GIS 10.sde\GIS.TRANSPORTATION.Transportation_Temp\GIS.TRANSPORTATION.Roads_20110105,REGION,-1,-1;EDIT_DATE "EDIT_DATE" true true false 4 Long 0 10 ,First,#,Database Connections\Transportation connection to GIS 10.sde\GIS.TRANSPORTATION.Transportation_Temp\GIS.TRANSPORTATION.Roads_20110105,EDIT_DATE,-1,-1;COMMENTS "COMMENTS" true true false 50 Text 0 0 ,First,#,Database Connections\Transportation connection to GIS 10.sde\GIS.TRANSPORTATION.Transportation_Temp\GIS.TRANSPORTATION.Roads_20110105,COMMENTS,-1,-1;STATUS "STATUS" true true false 24 Text 0 0 ,First,#,Database Connections\Transportation connection to GIS 10.sde\GIS.TRANSPORTATION.Transportation_Temp\GIS.TRANSPORTATION.Roads_20110105,STATUS,-1,-1;SURFACE_TYPE "SURFACE_TYPE" true true false 16 Text 0 0 ,First,#,Database Connections\Transportation connection to GIS 10.sde\GIS.TRANSPORTATION.Transportation_Temp\GIS.TRANSPORTATION.Roads_20110105,SURFACE_TYPE,-1,-1;SPEED "SPEED" true true false 8 Double 0 10 ,First,#,Database Connections\Transportation connection to GIS 10.sde\GIS.TRANSPORTATION.Transportation_Temp\GIS.TRANSPORTATION.Roads_20110105,SPEED,-1,-1;NUM_LANES "NUM_LANES" true true false 8 Double 1 10 ,First,#,Database Connections\Transportation connection to GIS 10.sde\GIS.TRANSPORTATION.Transportation_Temp\GIS.TRANSPORTATION.Roads_20110105,NUM_LANES,-1,-1;ROW_WIDTH "ROW_WIDTH" true true false 8 Double 2 10 ,First,#,Database Connections\Transportation connection to GIS 10.sde\GIS.TRANSPORTATION.Transportation_Temp\GIS.TRANSPORTATION.Roads_20110105,ROW_WIDTH,-1,-1;ROAD_ROW_WIDTH "ROAD_ROW_WIDTH" true true false 8 Double 2 10 ,First,#,Database Connections\Transportation connection to GIS 10.sde\GIS.TRANSPORTATION.Transportation_Temp\GIS.TRANSPORTATION.Roads_20110105,ROAD_ROW_WIDTH,-1,-1;ALIAS "ALIAS" true true false 40 Text 0 0 ,First,#,Database Connections\Transportation connection to GIS 10.sde\GIS.TRANSPORTATION.Transportation_Temp\GIS.TRANSPORTATION.Roads_20110105,ALIAS,-1,-1;RD_NUMBER "RD_NUMBER" true true false 8 Double 0 10 ,First,#,Database Connections\Transportation connection to GIS 10.sde\GIS.TRANSPORTATION.Transportation_Temp\GIS.TRANSPORTATION.Roads_20110105,RD_NUMBER,-1,-1;FUNCTIONAL_CLASS "FUNCTIONAL_CLASS" true true false 24 Text 0 0 ,First,#,Database Connections\Transportation connection to GIS 10.sde\GIS.TRANSPORTATION.Transportation_Temp\GIS.TRANSPORTATION.Roads_20110105,FUNCTIONAL_CLASS,-1,-1;LABEL_CLASS "LABEL_CLASS" true true false 50 Text 0 0 ,First,#,Database Connections\Transportation connection to GIS 10.sde\GIS.TRANSPORTATION.Transportation_Temp\GIS.TRANSPORTATION.Roads_20110105,LABEL_CLASS,-1,-1;ROADCLASS "ROADCLASS" true true false 8 Double 0 10 ,First,#,Database Connections\Transportation connection to GIS 10.sde\GIS.TRANSPORTATION.Transportation_Temp\GIS.TRANSPORTATION.Roads_20110105,ROADCLASS,-1,-1;CLASS "CLASS" true true false 8 Double 0 10 ,First,#,Database Connections\Transportation connection to GIS 10.sde\GIS.TRANSPORTATION.Transportation_Temp\GIS.TRANSPORTATION.Roads_20110105,CLASS,-1,-1;LINK_CLASS "LINK_CLASS" true true false 8 Double 0 10 ,First,#,Database Connections\Transportation connection to GIS 10.sde\GIS.TRANSPORTATION.Transportation_Temp\GIS.TRANSPORTATION.Roads_20110105,LINK_CLASS,-1,-1;LINK_NUM "LINK_NUM" true true false 8 Double 0 16 ,First,#,Database Connections\Transportation connection to GIS 10.sde\GIS.TRANSPORTATION.Transportation_Temp\GIS.TRANSPORTATION.Roads_20110105,LINK_NUM,-1,-1;SNOW_ROUTE "SNOW_ROUTE" true true false 30 Text 0 0 ,First,#,Database Connections\Transportation connection to GIS 10.sde\GIS.TRANSPORTATION.Transportation_Temp\GIS.TRANSPORTATION.Roads_20110105,SNOW_ROUTE,-1,-1;GARBAGE_ROUTE "GARBAGE_ROUTE" true true false 20 Text 0 0 ,First,#,Database Connections\Transportation connection to GIS 10.sde\GIS.TRANSPORTATION.Transportation_Temp\GIS.TRANSPORTATION.Roads_20110105,GARBAGE_ROUTE,-1,-1;RECYCLING_SCHEDULE "RECYCLING_SCHEDULE" true true false 20 Text 0 0 ,First,#,Database Connections\Transportation connection to GIS 10.sde\GIS.TRANSPORTATION.Transportation_Temp\GIS.TRANSPORTATION.Roads_20110105,RECYCLING_SCHEDULE,-1,-1;STATE_AID_TXT "STATE_AID_TXT" true true false 50 Text 0 0 ,First,#,Database Connections\Transportation connection to GIS 10.sde\GIS.TRANSPORTATION.Transportation_Temp\GIS.TRANSPORTATION.Roads_20110105,STATE_AID_TXT,-1,-1;STATE_AID_NUM "STATE_AID_NUM" true true false 8 Double 0 14 ,First,#,Database Connections\Transportation connection to GIS 10.sde\GIS.TRANSPORTATION.Transportation_Temp\GIS.TRANSPORTATION.Roads_20110105,STATE_AID_NUM,-1,-1;MAINT_FUNDING "MAINT_FUNDING" true true false 30 Text 0 0 ,First,#,Database Connections\Transportation connection to GIS 10.sde\GIS.TRANSPORTATION.Transportation_Temp\GIS.TRANSPORTATION.Roads_20110105,MAINT_FUNDING,-1,-1;MAINT_OWNER "MAINT_OWNER" true true false 30 Text 0 0 ,First,#,Database Connections\Transportation connection to GIS 10.sde\GIS.TRANSPORTATION.Transportation_Temp\GIS.TRANSPORTATION.Roads_20110105,MAINT_OWNER,-1,-1;MAINT_BY "MAINT_BY" true true false 30 Text 0 0 ,First,#,Database Connections\Transportation connection to GIS 10.sde\GIS.TRANSPORTATION.Transportation_Temp\GIS.TRANSPORTATION.Roads_20110105,MAINT_BY,-1,-1;MAINT_DIST_WINTER "MAINT_DIST_WINTER" true true false 18 Text 0 0 ,First,#,Database Connections\Transportation connection to GIS 10.sde\GIS.TRANSPORTATION.Transportation_Temp\GIS.TRANSPORTATION.Roads_20110105,MAINT_DIST_WINTER,-1,-1;MAINT_DIST_SUMMER "MAINT_DIST_SUMMER" true true false 18 Text 0 0 ,First,#,Database Connections\Transportation connection to GIS 10.sde\GIS.TRANSPORTATION.Transportation_Temp\GIS.TRANSPORTATION.Roads_20110105,MAINT_DIST_SUMMER,-1,-1;MAINT_TYPE "MAINT_TYPE" true true false 18 Text 0 0 ,First,#,Database Connections\Transportation connection to GIS 10.sde\GIS.TRANSPORTATION.Transportation_Temp\GIS.TRANSPORTATION.Roads_20110105,MAINT_TYPE,-1,-1;MAINT_WINTER "MAINT_WINTER" true true false 18 Text 0 0 ,First,#,Database Connections\Transportation connection to GIS 10.sde\GIS.TRANSPORTATION.Transportation_Temp\GIS.TRANSPORTATION.Roads_20110105,MAINT_WINTER,-1,-1;MAINT_RURAL_SUB "MAINT_RURAL_SUB" true true false 18 Text 0 0 ,First,#,Database Connections\Transportation connection to GIS 10.sde\GIS.TRANSPORTATION.Transportation_Temp\GIS.TRANSPORTATION.Roads_20110105,MAINT_RURAL_SUB,-1,-1;MAINT_LINK_ID "MAINT_LINK_ID" true true false 8 Double 0 14 ,First,#,Database Connections\Transportation connection to GIS 10.sde\GIS.TRANSPORTATION.Transportation_Temp\GIS.TRANSPORTATION.Roads_20110105,MAINT_LINK_ID,-1,-1;HWY_CONTROL_SECTION "HWY_CONTROL_SECTION" true true false 18 Text 0 0 ,First,#,Database Connections\Transportation connection to GIS 10.sde\GIS.TRANSPORTATION.Transportation_Temp\GIS.TRANSPORTATION.Roads_20110105,HWY_CONTROL_SECTION,-1,-1;HWY_SEGMENT "HWY_SEGMENT" true true false 18 Text 0 0 ,First,#,Database Connections\Transportation connection to GIS 10.sde\GIS.TRANSPORTATION.Transportation_Temp\GIS.TRANSPORTATION.Roads_20110105,HWY_SEGMENT,-1,-1;LOAD_RESTRICTION "LOAD_RESTRICTION" true true false 18 Text 0 0 ,First,#,Database Connections\Transportation connection to GIS 10.sde\GIS.TRANSPORTATION.Transportation_Temp\GIS.TRANSPORTATION.Roads_20110105,LOAD_RESTRICTION,-1,-1;POSTAL_ROUTE "POSTAL_ROUTE" true true false 30 Text 0 0 ,First,#,Database Connections\Transportation connection to GIS 10.sde\GIS.TRANSPORTATION.Transportation_Temp\GIS.TRANSPORTATION.Roads_20110105,POSTAL_ROUTE,-1,-1;NAVSTREETS "NAVSTREETS" true true false 8 Double 0 16 ,First,#,Database Connections\Transportation connection to GIS 10.sde\GIS.TRANSPORTATION.Transportation_Temp\GIS.TRANSPORTATION.Roads_20110105,NAVSTREETS,-1,-1;CO_CODE "CO_CODE" true true false 4 Long 0 10 ,First,#,Database Connections\Transportation connection to GIS 10.sde\GIS.TRANSPORTATION.Transportation_Temp\GIS.TRANSPORTATION.Roads_20110105,CO_CODE,-1,-1;CO_NAME "CO_NAME" true true false 25 Text 0 0 ,First,#,Database Connections\Transportation connection to GIS 10.sde\GIS.TRANSPORTATION.Transportation_Temp\GIS.TRANSPORTATION.Roads_20110105,CO_NAME,-1,-1;PSAP_ID "PSAP_ID" true true false 16 Text 0 0 ,First,#,Database Connections\Transportation connection to GIS 10.sde\GIS.TRANSPORTATION.Transportation_Temp\GIS.TRANSPORTATION.Roads_20110105,PSAP_ID,-1,-1;ONEWAY "ONEWAY" true true false 12 Text 0 0 ,First,#,Database Connections\Transportation connection to GIS 10.sde\GIS.TRANSPORTATION.Transportation_Temp\GIS.TRANSPORTATION.Roads_20110105,ONEWAY,-1,-1;TF_MINUTES "TF_MINUTES" true true false 8 Double 0 10 ,First,#,Database Connections\Transportation connection to GIS 10.sde\GIS.TRANSPORTATION.Transportation_Temp\GIS.TRANSPORTATION.Roads_20110105,TF_MINUTES,-1,-1;FT_MINUTES "FT_MINUTES" true true false 8 Double 0 10 ,First,#,Database Connections\Transportation connection to GIS 10.sde\GIS.TRANSPORTATION.Transportation_Temp\GIS.TRANSPORTATION.Roads_20110105,FT_MINUTES,-1,-1;F_ZLEV "F_ZLEV" true true false 4 Long 0 10 ,First,#,Database Connections\Transportation connection to GIS 10.sde\GIS.TRANSPORTATION.Transportation_Temp\GIS.TRANSPORTATION.Roads_20110105,F_ZLEV,-1,-1;T_ZLEV "T_ZLEV" true true false 4 Long 0 10 ,First,#,Database Connections\Transportation connection to GIS 10.sde\GIS.TRANSPORTATION.Transportation_Temp\GIS.TRANSPORTATION.Roads_20110105,T_ZLEV,-1,-1;FEET "FEET" true true false 8 Double 2 18 ,First,#,Database Connections\Transportation connection to GIS 10.sde\GIS.TRANSPORTATION.Transportation_Temp\GIS.TRANSPORTATION.Roads_20110105,FEET,-1,-1;Shape_len "Shape_len" false false true 0 Double 0 0 ,First,#,Database Connections\Transportation connection to GIS 10.sde\GIS.TRANSPORTATION.Transportation_Temp\GIS.TRANSPORTATION.Roads_20110105,Shape.len,-1,-1" #</Process><Process ToolSource="C:\Program Files (x86)\ArcGIS\Desktop10.0\ArcToolbox\Toolboxes\Data Management Tools.tbx\DeleteField" Date="20110113" Time="135651">DeleteField "Database Connections\Transportation connection to GIS 10.sde\GIS.TRANSPORTATION.Transportation\GIS.TRANSPORTATION.Roads" ROW_WIDTH</Process><Process ToolSource="C:\Program Files (x86)\ArcGIS\Desktop10.0\ArcToolbox\Toolboxes\Data Management Tools.tbx\CalculateField" Date="20110121" Time="125720">CalculateField Roads ESN_LEFT 56 VB #</Process><Process ToolSource="C:\Program Files (x86)\ArcGIS\Desktop10.0\ArcToolbox\Toolboxes\Data Management Tools.tbx\CalculateField" Date="20110121" Time="125740">CalculateField Roads ESN_RIGHT 56 VB #</Process><Process ToolSource="C:\Program Files (x86)\ArcGIS\Desktop10.0\ArcToolbox\Toolboxes\Data Management Tools.tbx\CalculateField" Date="20110210" Time="125804">CalculateField Roads MAINT_FUNDING "County Road" VB #</Process><Process ToolSource="C:\Program Files (x86)\ArcGIS\Desktop10.0\ArcToolbox\Toolboxes\Data Management Tools.tbx\CalculateField" Date="20110210" Time="130141">CalculateField Roads MAINT_FUNDING "County State Aid Highway" VB #</Process><Process ToolSource="C:\Program Files (x86)\ArcGIS\Desktop10.0\ArcToolbox\Toolboxes\Data Management Tools.tbx\CalculateField" Date="20110210" Time="131204">CalculateField Roads MAINT_FUNDING "County S-A Highway" VB #</Process><Process ToolSource="C:\Program Files (x86)\ArcGIS\Desktop10.0\ArcToolbox\Toolboxes\Data Management Tools.tbx\CalculateField" Date="20110210" Time="131451">CalculateField Roads MAINT_FUNDING "County State Aid Highway" VB #</Process></lineage><itemProps><itemLocation><linkage Sync="TRUE">file://\\DELL-D630\C$\Dropbox\Dropbox\Python\pythonbook\exercise02\roads</linkage><protocol Sync="TRUE">Local Area Network</protocol></itemLocation><itemName Sync="TRUE">GIS.TRANSPORTATION.Roads</itemName><imsContentType Sync="TRUE">002</imsContentType></itemProps><coordRef><type Sync="TRUE">Projected</type><geogcsn Sync="TRUE">GCS_North_American_1983_HARN</geogcsn><projcsn Sync="TRUE">NAD_1983_HARN_Adj_MN_Clay_Feet</projcsn><peXml Sync="TRUE">&lt;ProjectedCoordinateSystem xsi:type='typens:ProjectedCoordinateSystem' xmlns:xsi='http://www.w3.org/2001/XMLSchema-instance' xmlns:xs='http://www.w3.org/2001/XMLSchema' xmlns:typens='http://www.esri.com/schemas/ArcGIS/10.0'&gt;&lt;WKT&gt;PROJCS[&amp;quot;NAD_1983_HARN_Adj_MN_Clay_Feet&amp;quot;,GEOGCS[&amp;quot;GCS_North_American_1983_HARN&amp;quot;,DATUM[&amp;quot;D_North_American_1983_HARN&amp;quot;,SPHEROID[&amp;quot;GRS_1980&amp;quot;,6378137.0,298.257222101]],PRIMEM[&amp;quot;Greenwich&amp;quot;,0.0],UNIT[&amp;quot;Degree&amp;quot;,0.0174532925199433]],PROJECTION[&amp;quot;Transverse_Mercator&amp;quot;],PARAMETER[&amp;quot;False_Easting&amp;quot;,500022.6580891667],PARAMETER[&amp;quot;False_Northing&amp;quot;,100004.5319459167],PARAMETER[&amp;quot;Central_Meridian&amp;quot;,-96.7],PARAMETER[&amp;quot;Scale_Factor&amp;quot;,1.000045317862],PARAMETER[&amp;quot;Latitude_Of_Origin&amp;quot;,46.63],UNIT[&amp;quot;Foot_US&amp;quot;,0.3048006096012192]],VERTCS[&amp;quot;NAVD_1988&amp;quot;,VDATUM[&amp;quot;North_American_Vertical_Datum_1988&amp;quot;],PARAMETER[&amp;quot;Vertical_Shift&amp;quot;,0.0],PARAMETER[&amp;quot;Direction&amp;quot;,1.0],UNIT[&amp;quot;Meter&amp;quot;,1.0]]&lt;/WKT&gt;&lt;XOrigin&gt;-17949400&lt;/XOrigin&gt;&lt;YOrigin&gt;-49666600&lt;/YOrigin&gt;&lt;XYScale&gt;3048.0060960121914&lt;/XYScale&gt;&lt;ZOrigin&gt;0&lt;/ZOrigin&gt;&lt;ZScale&gt;1&lt;/ZScale&gt;&lt;MOrigin&gt;0&lt;/MOrigin&gt;&lt;MScale&gt;1&lt;/MScale&gt;&lt;XYTolerance&gt;0.0032808333333333335&lt;/XYTolerance&gt;&lt;ZTolerance&gt;0.001&lt;/ZTolerance&gt;&lt;MTolerance&gt;0.001&lt;/MTolerance&gt;&lt;HighPrecision&gt;true&lt;/HighPrecision&gt;&lt;VCSWKID&gt;5703&lt;/VCSWKID&gt;&lt;/ProjectedCoordinateSystem&gt;</peXml></coordRef><copyHistory><copy source="C:\Dropbox\Dropbox\Python\Data_Cleaned\Clay\roads" dest="\\DELL-D630\C$\Dropbox\Dropbox\Python\pythonbook\exercise02\roads" date="20110801" time="16083600"></copy></copyHistory></DataProperties><SyncDate>20110113</SyncDate><SyncTime>13430700</SyncTime><ModDate>20110113</ModDate><ModTime>13430700</ModTime><ArcGISFormat>1.0</ArcGISFormat><ArcGISstyle>INSPIRE Metadata Directive</ArcGISstyle></Esri><idinfo><native Sync="TRUE">Microsoft Windows 2000 Version 5.2 (Build 3790) Service Pack 2; ESRI ArcCatalog 9.3.0.1770</native><descript><langdata Sync="TRUE">en</langdata><abstract>REQUIRED: A brief narrative summary of the data set.</abstract><purpose>REQUIRED: A summary of the intentions with which the data set was developed.</purpose></descript><citation><citeinfo><origin>REQUIRED: The name of an organization or individual that developed the data set.</origin><pubdate>REQUIRED: The date when the data set is published or otherwise made available for release.</pubdate><title Sync="TRUE">GIS.TRANSPORTATION.GIS_TRANSPORTATION_Roads</title><ftname Sync="TRUE">GIS.TRANSPORTATION.GIS_TRANSPORTATION_Roads</ftname><geoform Sync="TRUE">vector digital data</geoform><onlink Sync="TRUE">Server=CLAY-GIS-DATA; Service=5152; Database=GIS; User=Transportation; Version=sde.DEFAULT</onlink></citeinfo></citation><timeperd><current>REQUIRED: The basis on which the time period of content information is determined.</current><timeinfo><sngdate><caldate>REQUIRED: The year (and optionally month, or month and day) for which the data set corresponds to the ground.</caldate></sngdate></timeinfo></timeperd><status><progress>REQUIRED: The state of the data set.</progress><update>REQUIRED: The frequency with which changes and additions are made to the data set after the initial data set is completed.</update></status><spdom><bounding><westbc Sync="TRUE">-96.832306</westbc><eastbc Sync="TRUE">-96.162739</eastbc><northbc Sync="TRUE">47.152260</northbc><southbc Sync="TRUE">46.629072</southbc></bounding><lboundng><leftbc Sync="TRUE">467101.218761</leftbc><rightbc Sync="TRUE">633711.507259</rightbc><bottombc Sync="TRUE">100117.422075</bottombc><topbc Sync="TRUE">290494.812645</topbc></lboundng></spdom><keywords><theme><themekt>REQUIRED: Reference to a formally registered thesaurus or a similar authoritative source of theme keywords.</themekt><themekey>REQUIRED: Common-use word or phrase used to describe the subject of the data set.</themekey></theme></keywords><accconst>REQUIRED: Restrictions and legal prerequisites for accessing the data set.</accconst><useconst>REQUIRED: Restrictions and legal prerequisites for using the data set after access is granted.</useconst><natvform Sync="TRUE">SDE Feature Class</natvform></idinfo><dataIdInfo><envirDesc Sync="TRUE">Microsoft Windows Server 2008 R2 Version 6.1 (Build 7600) ; ESRI ArcGIS 10.0.0.2414</envirDesc><dataLang><languageCode Sync="TRUE" value="eng" country="USA"/></dataLang><idCitation><resTitle Sync="TRUE">GIS.TRANSPORTATION.Roads</resTitle><presForm><PresFormCd Sync="TRUE" value="005"/></presForm></idCitation><spatRpType><SpatRepTypCd Sync="TRUE" value="001"/></spatRpType><dataExt><geoEle><GeoBndBox esriExtentType="native"><westBL Sync="TRUE">467101.218761</westBL><eastBL Sync="TRUE">633711.507259</eastBL><northBL Sync="TRUE">290494.812645</northBL><southBL Sync="TRUE">100117.422075</southBL><exTypeCode Sync="TRUE">1</exTypeCode></GeoBndBox></geoEle></dataExt><geoBox esriExtentType="decdegrees"><westBL Sync="TRUE">-96.832306</westBL><eastBL Sync="TRUE">-96.162739</eastBL><northBL Sync="TRUE">47.15226</northBL><southBL Sync="TRUE">46.629072</southBL><exTypeCode Sync="TRUE">1</exTypeCode></geoBox><descKeys><thesaName uuidref="723f6998-058e-11dc-8314-0800200c9a66"/><keyword Sync="TRUE">002</keyword></descKeys></dataIdInfo><metainfo><langmeta Sync="TRUE">en</langmeta><metstdn Sync="TRUE">FGDC Content Standards for Digital Geospatial Metadata</metstdn><metstdv Sync="TRUE">FGDC-STD-001-1998</metstdv><mettc Sync="TRUE">local time</mettc><metc><cntinfo><cntorgp><cntper>REQUIRED: The person responsible for the metadata information.</cntper><cntorg>REQUIRED: The organization responsible for the metadata information.</cntorg></cntorgp><cntaddr><addrtype>REQUIRED: The mailing and/or physical address for the organization or individual.</addrtype><city>REQUIRED: The city of the address.</city><state>REQUIRED: The state or province of the address.</state><postal>REQUIRED: The ZIP or other postal code of the address.</postal></cntaddr><cntvoice>REQUIRED: The telephone number by which individuals can speak to the organization or individual.</cntvoice></cntinfo></metc><metd Sync="TRUE">20101231</metd></metainfo><mdLang><languageCode Sync="TRUE" value="eng"/></mdLang><mdStanName Sync="TRUE">ISO 19115 Geographic Information - Metadata</mdStanName><mdStanVer Sync="TRUE">DIS_ESRI1.0</mdStanVer><mdChar><CharSetCd Sync="TRUE" value="004"/></mdChar><mdHrLv><ScopeCd Sync="TRUE" value="005"/></mdHrLv><mdHrLvName Sync="TRUE">dataset</mdHrLvName><distinfo><resdesc Sync="TRUE">Downloadable Data</resdesc></distinfo><distInfo><distributor><distorTran><onLineSrc><orDesc Sync="TRUE">002</orDesc><linkage Sync="TRUE">Server=CLAY-GIS-DATA; Service=5152; Database=GIS; User=Transportation; Version=sde.DEFAULT</linkage><protocol Sync="TRUE">ArcSDE Connection</protocol></onLineSrc></distorTran><distorFormat><formatName Sync="TRUE">SDE Feature Class</formatName></distorFormat></distributor><distFormat><formatName Sync="TRUE">SDE Feature Class</formatName></distFormat></distInfo><spdoinfo><direct Sync="TRUE">Vector</direct><ptvctinf><esriterm Name="GIS.TRANSPORTATION.Roads"><efeatyp Sync="TRUE">Simple</efeatyp><efeageom Sync="TRUE">3</efeageom><esritopo Sync="TRUE">FALSE</esritopo><efeacnt Sync="TRUE">0</efeacnt><spindex Sync="TRUE">TRUE</spindex><linrefer Sync="TRUE">FALSE</linrefer></esriterm></ptvctinf></spdoinfo><spref><horizsys><cordsysn><geogcsn Sync="TRUE">GCS_North_American_1983_HARN</geogcsn><projcsn Sync="TRUE">NAD_1983_HARN_Adj_MN_Clay_Feet</projcsn></cordsysn><planar><planci><plance Sync="TRUE">coordinate pair</plance><plandu Sync="TRUE">survey feet</plandu><coordrep><absres Sync="TRUE">0.000328</absres><ordres Sync="TRUE">0.000328</ordres></coordrep></planci></planar><geodetic><horizdn Sync="TRUE">D_North_American_1983_HARN</horizdn><ellips Sync="TRUE">Geodetic Reference System 80</ellips><semiaxis Sync="TRUE">6378137.000000</semiaxis><denflat Sync="TRUE">298.257222</denflat></geodetic></horizsys><vertdef><altsys><altenc Sync="TRUE">Explicit elevation coordinate included with horizontal coordinates</altenc><altres Sync="TRUE">1.000000</altres></altsys></vertdef></spref><refSysInfo><RefSystem><refSysID><identCode Sync="TRUE" code="0">NAD_1983_HARN_Adj_MN_Clay_Feet</identCode></refSysID></RefSystem></refSysInfo><spatRepInfo><VectSpatRep><topLvl><TopoLevCd Sync="TRUE" value="001"/></topLvl><geometObjs Name="GIS.TRANSPORTATION.GIS_TRANSPORTATION_Roads"><geoObjTyp><GeoObjTypCd Sync="TRUE" value="002"/><geoObjCnt Sync="TRUE">0</geoObjCnt></geoObjTyp><geoObjCnt Sync="TRUE">0</geoObjCnt></geometObjs></VectSpatRep></spatRepInfo><eainfo><detailed Name="GIS.TRANSPORTATION.Roads"><enttyp><enttypl Sync="TRUE">GIS.TRANSPORTATION.Roads</enttypl><enttypt Sync="TRUE">Feature Class</enttypt><enttypc Sync="TRUE">0</enttypc></enttyp><attr><attrlabl Sync="TRUE">OBJECTID</attrlabl><attalias Sync="TRUE">OBJECTID</attalias><attrtype Sync="TRUE">OID</attrtype><attwidth Sync="TRUE">4</attwidth><atprecis Sync="TRUE">10</atprecis><attscale Sync="TRUE">0</attscale><attrdef Sync="TRUE">Internal feature number.</attrdef><attrdefs Sync="TRUE">ESRI</attrdefs><attrdomv><udom Sync="TRUE">Sequential unique whole numbers that are automatically generated.</udom></attrdomv></attr><attr><attrlabl Sync="TRUE">PRE_TYPE</attrlabl><attalias Sync="TRUE">PRE_TYPE</attalias><attrtype Sync="TRUE">String</attrtype><attwidth Sync="TRUE">5</attwidth><atprecis Sync="TRUE">0</atprecis><attscale Sync="TRUE">0</attscale></attr><attr><attrlabl Sync="TRUE">ST_NAME</attrlabl><attalias Sync="TRUE">ST_NAME</attalias><attrtype Sync="TRUE">String</attrtype><attwidth Sync="TRUE">40</attwidth><atprecis Sync="TRUE">0</atprecis><attscale Sync="TRUE">0</attscale></attr><attr><attrlabl Sync="TRUE">STREET_NAM</attrlabl><attalias Sync="TRUE">STREET_NAM</attalias><attrtype Sync="TRUE">String</attrtype><attwidth Sync="TRUE">16</attwidth><atprecis Sync="TRUE">0</atprecis><attscale Sync="TRUE">0</attscale></attr><attr><attrlabl Sync="TRUE">STREET_TYP</attrlabl><attalias Sync="TRUE">STREET_TYP</attalias><attrtype Sync="TRUE">String</attrtype><attwidth Sync="TRUE">5</attwidth><atprecis Sync="TRUE">0</atprecis><attscale Sync="TRUE">0</attscale></attr><attr><attrlabl Sync="TRUE">SUF_DIR</attrlabl><attalias Sync="TRUE">SUF_DIR</attalias><attrtype Sync="TRUE">String</attrtype><attwidth Sync="TRUE">2</attwidth><atprecis Sync="TRUE">0</atprecis><attscale Sync="TRUE">0</attscale></attr><attr><attrlabl Sync="TRUE">FULLNAME</attrlabl><attalias Sync="TRUE">FULLNAME</attalias><attrtype Sync="TRUE">String</attrtype><attwidth Sync="TRUE">45</attwidth><atprecis Sync="TRUE">0</atprecis><attscale Sync="TRUE">0</attscale></attr><attr><attrlabl Sync="TRUE">LOW</attrlabl><attalias Sync="TRUE">LOW</attalias><attrtype Sync="TRUE">Double</attrtype><attwidth Sync="TRUE">8</attwidth><atprecis Sync="TRUE">11</atprecis><attscale Sync="TRUE">0</attscale></attr><attr><attrlabl Sync="TRUE">HIGH</attrlabl><attalias Sync="TRUE">HIGH</attalias><attrtype Sync="TRUE">Double</attrtype><attwidth Sync="TRUE">8</attwidth><atprecis Sync="TRUE">11</atprecis><attscale Sync="TRUE">0</attscale></attr><attr><attrlabl Sync="TRUE">L_ADD_FROM</attrlabl><attalias Sync="TRUE">L_ADD_FROM</attalias><attrtype Sync="TRUE">Double</attrtype><attwidth Sync="TRUE">8</attwidth><atprecis Sync="TRUE">11</atprecis><attscale Sync="TRUE">0</attscale></attr><attr><attrlabl Sync="TRUE">L_ADD_TO</attrlabl><attalias Sync="TRUE">L_ADD_TO</attalias><attrtype Sync="TRUE">Double</attrtype><attwidth Sync="TRUE">8</attwidth><atprecis Sync="TRUE">11</atprecis><attscale Sync="TRUE">0</attscale></attr><attr><attrlabl Sync="TRUE">R_ADD_FROM</attrlabl><attalias Sync="TRUE">R_ADD_FROM</attalias><attrtype Sync="TRUE">Double</attrtype><attwidth Sync="TRUE">8</attwidth><atprecis Sync="TRUE">11</atprecis><attscale Sync="TRUE">0</attscale></attr><attr><attrlabl Sync="TRUE">R_ADD_TO</attrlabl><attalias Sync="TRUE">R_ADD_TO</attalias><attrtype Sync="TRUE">Double</attrtype><attwidth Sync="TRUE">8</attwidth><atprecis Sync="TRUE">11</atprecis><attscale Sync="TRUE">0</attscale></attr><attr><attrlabl Sync="TRUE">L_PLACE</attrlabl><attalias Sync="TRUE">L_PLACE</attalias><attrtype Sync="TRUE">String</attrtype><attwidth Sync="TRUE">25</attwidth><atprecis Sync="TRUE">0</atprecis><attscale Sync="TRUE">0</attscale></attr><attr><attrlabl Sync="TRUE">R_PLACE</attrlabl><attalias Sync="TRUE">R_PLACE</attalias><attrtype Sync="TRUE">String</attrtype><attwidth Sync="TRUE">25</attwidth><atprecis Sync="TRUE">0</atprecis><attscale Sync="TRUE">0</attscale></attr><attr><attrlabl Sync="TRUE">L_CITY</attrlabl><attalias Sync="TRUE">L_CITY</attalias><attrtype Sync="TRUE">String</attrtype><attwidth Sync="TRUE">25</attwidth><atprecis Sync="TRUE">0</atprecis><attscale Sync="TRUE">0</attscale></attr><attr><attrlabl Sync="TRUE">R_CITY</attrlabl><attalias Sync="TRUE">R_CITY</attalias><attrtype Sync="TRUE">String</attrtype><attwidth Sync="TRUE">25</attwidth><atprecis Sync="TRUE">0</atprecis><attscale Sync="TRUE">0</attscale></attr><attr><attrlabl Sync="TRUE">STATE</attrlabl><attalias Sync="TRUE">STATE</attalias><attrtype Sync="TRUE">String</attrtype><attwidth Sync="TRUE">5</attwidth><atprecis Sync="TRUE">0</atprecis><attscale Sync="TRUE">0</attscale></attr><attr><attrlabl Sync="TRUE">ZIP_RIGHT</attrlabl><attalias Sync="TRUE">ZIP_RIGHT</attalias><attrtype Sync="TRUE">Double</attrtype><attwidth Sync="TRUE">8</attwidth><atprecis Sync="TRUE">11</atprecis><attscale Sync="TRUE">0</attscale></attr><attr><attrlabl Sync="TRUE">ZIP_LEFT</attrlabl><attalias Sync="TRUE">ZIP_LEFT</attalias><attrtype Sync="TRUE">Double</attrtype><attwidth Sync="TRUE">8</attwidth><atprecis Sync="TRUE">11</atprecis><attscale Sync="TRUE">0</attscale></attr><attr><attrlabl Sync="TRUE">ESN_LEFT</attrlabl><attalias Sync="TRUE">ESN_LEFT</attalias><attrtype Sync="TRUE">Double</attrtype><attwidth Sync="TRUE">8</attwidth><atprecis Sync="TRUE">11</atprecis><attscale Sync="TRUE">0</attscale></attr><attr><attrlabl Sync="TRUE">ESN_RIGHT</attrlabl><attalias Sync="TRUE">ESN_RIGHT</attalias><attrtype Sync="TRUE">Double</attrtype><attwidth Sync="TRUE">8</attwidth><atprecis Sync="TRUE">11</atprecis><attscale Sync="TRUE">0</attscale></attr><attr><attrlabl Sync="TRUE">L_PRECINCT</attrlabl><attalias Sync="TRUE">L_PRECINCT</attalias><attrtype Sync="TRUE">Double</attrtype><attwidth Sync="TRUE">8</attwidth><atprecis Sync="TRUE">12</atprecis><attscale Sync="TRUE">0</attscale></attr><attr><attrlabl Sync="TRUE">R_PRECINCT</attrlabl><attalias Sync="TRUE">R_PRECINCT</attalias><attrtype Sync="TRUE">Double</attrtype><attwidth Sync="TRUE">8</attwidth><atprecis Sync="TRUE">12</atprecis><attscale Sync="TRUE">0</attscale></attr><attr><attrlabl Sync="TRUE">L_SCHOOL</attrlabl><attalias Sync="TRUE">L_SCHOOL</attalias><attrtype Sync="TRUE">Double</attrtype><attwidth Sync="TRUE">8</attwidth><atprecis Sync="TRUE">12</atprecis><attscale Sync="TRUE">0</attscale></attr><attr><attrlabl Sync="TRUE">R_SCHOOL</attrlabl><attalias Sync="TRUE">R_SCHOOL</attalias><attrtype Sync="TRUE">Double</attrtype><attwidth Sync="TRUE">8</attwidth><atprecis Sync="TRUE">12</atprecis><attscale Sync="TRUE">0</attscale></attr><attr><attrlabl Sync="TRUE">REGION</attrlabl><attalias Sync="TRUE">REGION</attalias><attrtype Sync="TRUE">Integer</attrtype><attwidth Sync="TRUE">4</attwidth><atprecis Sync="TRUE">10</atprecis><attscale Sync="TRUE">0</attscale></attr><attr><attrlabl Sync="TRUE">EDIT_DATE</attrlabl><attalias Sync="TRUE">EDIT_DATE</attalias><attrtype Sync="TRUE">Integer</attrtype><attwidth Sync="TRUE">4</attwidth><atprecis Sync="TRUE">10</atprecis><attscale Sync="TRUE">0</attscale></attr><attr><attrlabl Sync="TRUE">COMMENTS</attrlabl><attalias Sync="TRUE">COMMENTS</attalias><attrtype Sync="TRUE">String</attrtype><attwidth Sync="TRUE">50</attwidth><atprecis Sync="TRUE">0</atprecis><attscale Sync="TRUE">0</attscale></attr><attr><attrlabl Sync="TRUE">STATUS</attrlabl><attalias Sync="TRUE">STATUS</attalias><attrtype Sync="TRUE">String</attrtype><attwidth Sync="TRUE">24</attwidth><atprecis Sync="TRUE">0</atprecis><attscale Sync="TRUE">0</attscale></attr><attr><attrlabl Sync="TRUE">SURFACE_TYPE</attrlabl><attalias Sync="TRUE">SURFACE_TYPE</attalias><attrtype Sync="TRUE">String</attrtype><attwidth Sync="TRUE">16</attwidth><atprecis Sync="TRUE">0</atprecis><attscale Sync="TRUE">0</attscale></attr><attr><attrlabl Sync="TRUE">SPEED</attrlabl><attalias Sync="TRUE">SPEED</attalias><attrtype Sync="TRUE">Double</attrtype><attwidth Sync="TRUE">8</attwidth><atprecis Sync="TRUE">10</atprecis><attscale Sync="TRUE">0</attscale></attr><attr><attrlabl Sync="TRUE">NUM_LANES</attrlabl><attalias Sync="TRUE">NUM_LANES</attalias><attrtype Sync="TRUE">Double</attrtype><attwidth Sync="TRUE">8</attwidth><atprecis Sync="TRUE">10</atprecis><attscale Sync="TRUE">1</attscale></attr><attr><attrlabl Sync="TRUE">ROW_WIDTH</attrlabl><attalias Sync="TRUE">ROW_WIDTH</attalias><attrtype Sync="TRUE">Double</attrtype><attwidth Sync="TRUE">8</attwidth><atprecis Sync="TRUE">10</atprecis><attscale Sync="TRUE">2</attscale></attr><attr><attrlabl Sync="TRUE">ROAD_ROW_WIDTH</attrlabl><attalias Sync="TRUE">ROAD_ROW_WIDTH</attalias><attrtype Sync="TRUE">Double</attrtype><attwidth Sync="TRUE">8</attwidth><atprecis Sync="TRUE">10</atprecis><attscale Sync="TRUE">2</attscale></attr><attr><attrlabl Sync="TRUE">ALIAS</attrlabl><attalias Sync="TRUE">ALIAS</attalias><attrtype Sync="TRUE">String</attrtype><attwidth Sync="TRUE">40</attwidth><atprecis Sync="TRUE">0</atprecis><attscale Sync="TRUE">0</attscale></attr><attr><attrlabl Sync="TRUE">RD_NUMBER</attrlabl><attalias Sync="TRUE">RD_NUMBER</attalias><attrtype Sync="TRUE">Double</attrtype><attwidth Sync="TRUE">8</attwidth><atprecis Sync="TRUE">10</atprecis><attscale Sync="TRUE">0</attscale></attr><attr><attrlabl Sync="TRUE">FUNCTIONAL_CLASS</attrlabl><attalias Sync="TRUE">FUNCTIONAL_CLASS</attalias><attrtype Sync="TRUE">String</attrtype><attwidth Sync="TRUE">24</attwidth><atprecis Sync="TRUE">0</atprecis><attscale Sync="TRUE">0</attscale></attr><attr><attrlabl Sync="TRUE">LABEL_CLASS</attrlabl><attalias Sync="TRUE">LABEL_CLASS</attalias><attrtype Sync="TRUE">String</attrtype><attwidth Sync="TRUE">50</attwidth><atprecis Sync="TRUE">0</atprecis><attscale Sync="TRUE">0</attscale></attr><attr><attrlabl Sync="TRUE">ROADCLASS</attrlabl><attalias Sync="TRUE">ROADCLASS</attalias><attrtype Sync="TRUE">Double</attrtype><attwidth Sync="TRUE">8</attwidth><atprecis Sync="TRUE">10</atprecis><attscale Sync="TRUE">0</attscale></attr><attr><attrlabl Sync="TRUE">CLASS</attrlabl><attalias Sync="TRUE">CLASS</attalias><attrtype Sync="TRUE">Double</attrtype><attwidth Sync="TRUE">8</attwidth><atprecis Sync="TRUE">10</atprecis><attscale Sync="TRUE">0</attscale></attr><attr><attrlabl Sync="TRUE">LINK_CLASS</attrlabl><attalias Sync="TRUE">LINK_CLASS</attalias><attrtype Sync="TRUE">Double</attrtype><attwidth Sync="TRUE">8</attwidth><atprecis Sync="TRUE">10</atprecis><attscale Sync="TRUE">0</attscale></attr><attr><attrlabl Sync="TRUE">LINK_NUM</attrlabl><attalias Sync="TRUE">LINK_NUM</attalias><attrtype Sync="TRUE">Double</attrtype><attwidth Sync="TRUE">8</attwidth><atprecis Sync="TRUE">16</atprecis><attscale Sync="TRUE">0</attscale></attr><attr><attrlabl Sync="TRUE">SNOW_ROUTE</attrlabl><attalias Sync="TRUE">SNOW_ROUTE</attalias><attrtype Sync="TRUE">String</attrtype><attwidth Sync="TRUE">30</attwidth><atprecis Sync="TRUE">0</atprecis><attscale Sync="TRUE">0</attscale></attr><attr><attrlabl Sync="TRUE">GARBAGE_ROUTE</attrlabl><attalias Sync="TRUE">GARBAGE_ROUTE</attalias><attrtype Sync="TRUE">String</attrtype><attwidth Sync="TRUE">20</attwidth><atprecis Sync="TRUE">0</atprecis><attscale Sync="TRUE">0</attscale></attr><attr><attrlabl Sync="TRUE">RECYCLING_SCHEDULE</attrlabl><attalias Sync="TRUE">RECYCLING_SCHEDULE</attalias><attrtype Sync="TRUE">String</attrtype><attwidth Sync="TRUE">20</attwidth><atprecis Sync="TRUE">0</atprecis><attscale Sync="TRUE">0</attscale></attr><attr><attrlabl Sync="TRUE">STATE_AID_TXT</attrlabl><attalias Sync="TRUE">STATE_AID_TXT</attalias><attrtype Sync="TRUE">String</attrtype><attwidth Sync="TRUE">50</attwidth><atprecis Sync="TRUE">0</atprecis><attscale Sync="TRUE">0</attscale></attr><attr><attrlabl Sync="TRUE">STATE_AID_NUM</attrlabl><attalias Sync="TRUE">STATE_AID_NUM</attalias><attrtype Sync="TRUE">Double</attrtype><attwidth Sync="TRUE">8</attwidth><atprecis Sync="TRUE">14</atprecis><attscale Sync="TRUE">0</attscale></attr><attr><attrlabl Sync="TRUE">MAINT_FUNDING</attrlabl><attalias Sync="TRUE">MAINT_FUNDING</attalias><attrtype Sync="TRUE">String</attrtype><attwidth Sync="TRUE">30</attwidth><atprecis Sync="TRUE">0</atprecis><attscale Sync="TRUE">0</attscale></attr><attr><attrlabl Sync="TRUE">MAINT_OWNER</attrlabl><attalias Sync="TRUE">MAINT_OWNER</attalias><attrtype Sync="TRUE">String</attrtype><attwidth Sync="TRUE">30</attwidth><atprecis Sync="TRUE">0</atprecis><attscale Sync="TRUE">0</attscale></attr><attr><attrlabl Sync="TRUE">MAINT_BY</attrlabl><attalias Sync="TRUE">MAINT_BY</attalias><attrtype Sync="TRUE">String</attrtype><attwidth Sync="TRUE">30</attwidth><atprecis Sync="TRUE">0</atprecis><attscale Sync="TRUE">0</attscale></attr><attr><attrlabl Sync="TRUE">MAINT_DIST_WINTER</attrlabl><attalias Sync="TRUE">MAINT_DIST_WINTER</attalias><attrtype Sync="TRUE">String</attrtype><attwidth Sync="TRUE">18</attwidth><atprecis Sync="TRUE">0</atprecis><attscale Sync="TRUE">0</attscale></attr><attr><attrlabl Sync="TRUE">MAINT_DIST_SUMMER</attrlabl><attalias Sync="TRUE">MAINT_DIST_SUMMER</attalias><attrtype Sync="TRUE">String</attrtype><attwidth Sync="TRUE">18</attwidth><atprecis Sync="TRUE">0</atprecis><attscale Sync="TRUE">0</attscale></attr><attr><attrlabl Sync="TRUE">MAINT_TYPE</attrlabl><attalias Sync="TRUE">MAINT_TYPE</attalias><attrtype Sync="TRUE">String</attrtype><attwidth Sync="TRUE">18</attwidth><atprecis Sync="TRUE">0</atprecis><attscale Sync="TRUE">0</attscale></attr><attr><attrlabl Sync="TRUE">MAINT_WINTER</attrlabl><attalias Sync="TRUE">MAINT_WINTER</attalias><attrtype Sync="TRUE">String</attrtype><attwidth Sync="TRUE">18</attwidth><atprecis Sync="TRUE">0</atprecis><attscale Sync="TRUE">0</attscale></attr><attr><attrlabl Sync="TRUE">MAINT_RURAL_SUB</attrlabl><attalias Sync="TRUE">MAINT_RURAL_SUB</attalias><attrtype Sync="TRUE">String</attrtype><attwidth Sync="TRUE">18</attwidth><atprecis Sync="TRUE">0</atprecis><attscale Sync="TRUE">0</attscale></attr><attr><attrlabl Sync="TRUE">MAINT_LINK_ID</attrlabl><attalias Sync="TRUE">MAINT_LINK_ID</attalias><attrtype Sync="TRUE">Double</attrtype><attwidth Sync="TRUE">8</attwidth><atprecis Sync="TRUE">14</atprecis><attscale Sync="TRUE">0</attscale></attr><attr><attrlabl Sync="TRUE">HWY_CONTROL_SECTION</attrlabl><attalias Sync="TRUE">HWY_CONTROL_SECTION</attalias><attrtype Sync="TRUE">String</attrtype><attwidth Sync="TRUE">18</attwidth><atprecis Sync="TRUE">0</atprecis><attscale Sync="TRUE">0</attscale></attr><attr><attrlabl Sync="TRUE">HWY_SEGMENT</attrlabl><attalias Sync="TRUE">HWY_SEGMENT</attalias><attrtype Sync="TRUE">String</attrtype><attwidth Sync="TRUE">18</attwidth><atprecis Sync="TRUE">0</atprecis><attscale Sync="TRUE">0</attscale></attr><attr><attrlabl Sync="TRUE">LOAD_RESTRICTION</attrlabl><attalias Sync="TRUE">LOAD_RESTRICTION</attalias><attrtype Sync="TRUE">String</attrtype><attwidth Sync="TRUE">18</attwidth><atprecis Sync="TRUE">0</atprecis><attscale Sync="TRUE">0</attscale></attr><attr><attrlabl Sync="TRUE">POSTAL_ROUTE</attrlabl><attalias Sync="TRUE">POSTAL_ROUTE</attalias><attrtype Sync="TRUE">String</attrtype><attwidth Sync="TRUE">30</attwidth><atprecis Sync="TRUE">0</atprecis><attscale Sync="TRUE">0</attscale></attr><attr><attrlabl Sync="TRUE">NAVSTREETS</attrlabl><attalias Sync="TRUE">NAVSTREETS</attalias><attrtype Sync="TRUE">Double</attrtype><attwidth Sync="TRUE">8</attwidth><atprecis Sync="TRUE">16</atprecis><attscale Sync="TRUE">0</attscale></attr><attr><attrlabl Sync="TRUE">CO_CODE</attrlabl><attalias Sync="TRUE">CO_CODE</attalias><attrtype Sync="TRUE">Integer</attrtype><attwidth Sync="TRUE">4</attwidth><atprecis Sync="TRUE">10</atprecis><attscale Sync="TRUE">0</attscale></attr><attr><attrlabl Sync="TRUE">CO_NAME</attrlabl><attalias Sync="TRUE">CO_NAME</attalias><attrtype Sync="TRUE">String</attrtype><attwidth Sync="TRUE">25</attwidth><atprecis Sync="TRUE">0</atprecis><attscale Sync="TRUE">0</attscale></attr><attr><attrlabl Sync="TRUE">PSAP_ID</attrlabl><attalias Sync="TRUE">PSAP_ID</attalias><attrtype Sync="TRUE">String</attrtype><attwidth Sync="TRUE">16</attwidth><atprecis Sync="TRUE">0</atprecis><attscale Sync="TRUE">0</attscale></attr><attr><attrlabl Sync="TRUE">ONEWAY</attrlabl><attalias Sync="TRUE">ONEWAY</attalias><attrtype Sync="TRUE">String</attrtype><attwidth Sync="TRUE">12</attwidth><atprecis Sync="TRUE">0</atprecis><attscale Sync="TRUE">0</attscale></attr><attr><attrlabl Sync="TRUE">TF_MINUTES</attrlabl><attalias Sync="TRUE">TF_MINUTES</attalias><attrtype Sync="TRUE">Double</attrtype><attwidth Sync="TRUE">8</attwidth><atprecis Sync="TRUE">10</atprecis><attscale Sync="TRUE">0</attscale></attr><attr><attrlabl Sync="TRUE">FT_MINUTES</attrlabl><attalias Sync="TRUE">FT_MINUTES</attalias><attrtype Sync="TRUE">Double</attrtype><attwidth Sync="TRUE">8</attwidth><atprecis Sync="TRUE">10</atprecis><attscale Sync="TRUE">0</attscale></attr><attr><attrlabl Sync="TRUE">F_ZLEV</attrlabl><attalias Sync="TRUE">F_ZLEV</attalias><attrtype Sync="TRUE">Integer</attrtype><attwidth Sync="TRUE">4</attwidth><atprecis Sync="TRUE">10</atprecis><attscale Sync="TRUE">0</attscale></attr><attr><attrlabl Sync="TRUE">T_ZLEV</attrlabl><attalias Sync="TRUE">T_ZLEV</attalias><attrtype Sync="TRUE">Integer</attrtype><attwidth Sync="TRUE">4</attwidth><atprecis Sync="TRUE">10</atprecis><attscale Sync="TRUE">0</attscale></attr><attr><attrlabl Sync="TRUE">FEET</attrlabl><attalias Sync="TRUE">FEET</attalias><attrtype Sync="TRUE">Double</attrtype><attwidth Sync="TRUE">8</attwidth><atprecis Sync="TRUE">18</atprecis><attscale Sync="TRUE">2</attscale></attr><attr><attrlabl Sync="TRUE">SHAPE.len</attrlabl><attalias Sync="TRUE">Shape.len</attalias><attrtype Sync="TRUE">Double</attrtype><attwidth Sync="TRUE">0</attwidth><atprecis Sync="TRUE">0</atprecis><attscale Sync="TRUE">0</attscale></attr><attr><attrlabl Sync="TRUE">SHAPE</attrlabl><attalias Sync="TRUE">Shape</attalias><attrtype Sync="TRUE">Geometry</attrtype><attwidth Sync="TRUE">4</attwidth><atprecis Sync="TRUE">0</atprecis><attscale Sync="TRUE">0</attscale><attrdef Sync="TRUE">Feature geometry.</attrdef><attrdefs Sync="TRUE">ESRI</attrdefs><attrdomv><udom Sync="TRUE">Coordinates defining the features.</udom></attrdomv></attr></detailed></eainfo><mdDateSt Sync="TRUE">20110113</mdDateSt><dataqual><lineage><procstep><procdesc Sync="TRUE">Dataset copied.</procdesc><srcused Sync="TRUE">Server=CLAY-GIS-DATA; Service=5152; Database=GIS; User=Transportation; Version=sde.DEFAULT</srcused><procdate Sync="TRUE">20100619</procdate><proctime Sync="TRUE">07534400</proctime></procstep><procstep><procdesc Sync="TRUE">Dataset copied.</procdesc><srcused Sync="TRUE">Server=CLAY-GIS-DATA; Service=5152; Database=GIS; User=Transportation; Version=sde.DEFAULT</srcused><procdate Sync="TRUE">20100619</procdate><proctime Sync="TRUE">09522200</proctime></procstep></lineage></dataqual></metadata>
